old_path,new_path,domain,reason,references_found,status
src/intel_welding/__init__.py,src/intel_welding/__init__.py,intel_welding,Already explicitly located; preserve implementation and configuration.,src/reassemble/completion_narrative.py;scripts/intel_welding/04_foundations.py;scripts/intel_welding/05_foundation_report.py;scripts/intel_welding/01_inventory.py;scripts/intel_welding/02_label_audit.py;scripts/intel_welding/03_make_split.py;scripts/thesis/build_final_documentation.py;tests/unit/test_intel_foundations.py;configs/intel_welding/foundations.json;docs/REPOSITORY_FOLDER_STRUCTURE_20260929T135756Z.md;docs/intel_welding/research_contract.md;docs/intel_welding/RESULTS_REVIEW.md;docs/intel_welding/FOUNDATION_RUNBOOK.md;docs/thesis/DOCUMENTATION_CONTINUATION.md;docs/thesis/EXPOSE_TO_FINAL_THESIS_MATRIX.md;docs/thesis/FINAL_THESIS_REPRODUCIBILITY.md;docs/thesis/FINAL_CLAIM_MATRIX.md;docs/repository_restructure/baseline/source_identities.json,retain
src/intel_welding/analysis/__init__.py,src/intel_welding/analysis/__init__.py,intel_welding,Already explicitly located; preserve implementation and configuration.,,retain
src/intel_welding/data/__init__.py,src/intel_welding/data/__init__.py,intel_welding,Already explicitly located; preserve implementation and configuration.,docs/repository_restructure/baseline/source_identities.json,retain
src/intel_welding/evaluation/__init__.py,src/intel_welding/evaluation/__init__.py,intel_welding,Already explicitly located; preserve implementation and configuration.,docs/repository_restructure/baseline/source_identities.json,retain
src/intel_welding/fusion/__init__.py,src/intel_welding/fusion/__init__.py,intel_welding,Already explicitly located; preserve implementation and configuration.,docs/repository_restructure/baseline/source_identities.json,retain
src/intel_welding/models/__init__.py,src/intel_welding/models/__init__.py,intel_welding,Already explicitly located; preserve implementation and configuration.,docs/repository_restructure/baseline/source_identities.json,retain
src/intel_welding/robustness/__init__.py,src/intel_welding/robustness/__init__.py,intel_welding,Already explicitly located; preserve implementation and configuration.,docs/repository_restructure/baseline/source_identities.json,retain
src/pi_multimodal_ad/__init__.py,src/phm2026/__init__.py,phm2026,Import/call-site audit: production consumers are PHM pipelines and PHM tutorials only; generic name does not justify shared ownership.,scripts/targets/audit_target.py;scripts/targets/derive_image_targets.py;scripts/targets/build_rtdetr_pseudo_boxes.py;scripts/features/build_model_dataset.py;scripts/features/build_sensor_features.py;scripts/dataset/generate_dataset_evidence.py;scripts/dataset/profile_sensors.py;scripts/dataset/profile_images.py;scripts/dataset/audit_alignment.py;scripts/dataset/describe_dataset.py;scripts/dataset/profile_dataset.py;scripts/presentation/generate_professor_presentation.py;scripts/training/train_late_fusion.py;scripts/training/train_rtdetr_detector.py;scripts/training/run_rtdetr_feasibility.py;scripts/training/train_rtdetr_multitask.py;scripts/training/train_rtdetr_regression.py;scripts/training/train_patchtst.py;scripts/results/generate_rtdetr_results.py;scripts/results/loeo_evaluation.py;scripts/results/evaluate_naive_baselines.py;scripts/results/monotonic_null_test.py;scripts/results/rescore_monotonic.py;scripts/results/closing_task_c.py;scripts/results/sq2_sq3_fusion.py;scripts/results/closing_task_c3_retest.py;scripts/results/generate_patchtst_results.py;scripts/results/generate_rtdetr_r4_results.py;scripts/thesis/build_final_documentation.py;tests/unit/test_sensor_minute_features.py;tests/unit/test_meeting_evidence.py;tests/unit/test_regression_evaluation.py;tests/unit/test_model_dataset.py;tests/unit/test_sensor_profile.py;tests/unit/test_run_infrastructure.py;tests/unit/test_target_definition_v3.py;tests/unit/test_patchtst.py;tests/unit/test_late_fusion.py;tests/unit/test_timeseries_preprocessing.py;tests/unit/test_phm2026_adapter.py;tests/unit/test_archive_io.py;tests/unit/test_alignment.py;tests/unit/test_image_damage_target.py;tests/unit/test_rtdetr_feasibility.py;tests/unit/test_pinned_artifacts.py;tests/unit/test_asset_inventory.py;tests/unit/test_phm_download.py;tests/unit/test_rtdetr_multitask.py;tests/unit/test_target_audit.py;tests/unit/test_image_profile.py;tests/unit/test_sensor_regression_evaluation.py;tests/unit/test_pseudo_boxes.py;tests/unit/test_monotonic.py;tests/unit/test_rtdetr_detection.py;tests/unit/test_alignment_pipeline.py;tests/unit/test_dataset_description.py;tests/unit/test_data_contracts.py;tests/unit/test_rtdetr_regression.py;docs/REPOSITORY_FOLDER_STRUCTURE_20260929T135756Z.md;docs/planning/PROJECT_STATE.md;docs/planning/PHM_IMPLEMENTATION_MAP.md;docs/phm2026/RAW_DATA_RECOVERY.md;docs/thesis/FINAL_THESIS_REPRODUCIBILITY.md;docs/repository_restructure/baseline/source_identities.json;tutorials/patchtst_freq_baseline/train.py;tutorials/patchtst_freq_baseline/features.py;tutorials/patchtst_freq_baseline/reader.py;tutorials/patchtst_freq_baseline/CHECKPOINT.md;tutorials/patchtst_freq_baseline/model.py;tutorials/patchtst_freq_baseline/PLAN.md;tutorials/final_baseline_rtdetr/REPORT.md;tutorials/final_baseline_rtdetr/CHECKPOINT.md;tutorials/final_baseline_rtdetr/PLAN.md;tutorials/rtdetr_storybook/README.md;tutorials/rtdetr_storybook/make_raw_demo_dataset.py;tutorials/rtdetr_storybook/rtdetr_storybook.py;tutorials/final_baseline_rtdetr/scripts/phase4_03_error_taxonomy.py;tutorials/final_baseline_rtdetr/scripts/phase4_02_calibration_and_slicing.py;tutorials/final_baseline_rtdetr/scripts/phase4_01_threshold_and_geometry.py;tutorials/rtdetr_storybook/raw_demo_data/raw_expb_run1_tooth05.md;tutorials/rtdetr_storybook/raw_demo_data/raw_expf_run1_tooth02.md;tutorials/rtdetr_storybook/raw_demo_data/raw_expf_run1_tooth01.md;tutorials/rtdetr_storybook/raw_demo_data/raw_expb_run1_tooth06.md;tutorials/rtdetr_storybook/raw_demo_data/raw_expa_run1_tooth05.md;tutorials/rtdetr_storybook/raw_demo_data/raw_expa_run1_tooth06.md,moved
src/pi_multimodal_ad/acquisition/__init__.py,src/phm2026/acquisition/__init__.py,phm2026,Import/call-site audit: production consumers are PHM pipelines and PHM tutorials only; generic name does not justify shared ownership.,tests/unit/test_phm_download.py;docs/repository_restructure/baseline/source_identities.json,moved
src/pi_multimodal_ad/acquisition/phm_download.py,src/phm2026/acquisition/phm_download.py,phm2026,Import/call-site audit: production consumers are PHM pipelines and PHM tutorials only; generic name does not justify shared ownership.,scripts/thesis/build_final_documentation.py;docs/phm2026/RAW_DATA_RECOVERY.md;docs/thesis/FINAL_THESIS_REPRODUCIBILITY.md;docs/repository_restructure/baseline/source_identities.json,moved
src/pi_multimodal_ad/cli.py,src/phm2026/cli.py,phm2026,Import/call-site audit: production consumers are PHM pipelines and PHM tutorials only; generic name does not justify shared ownership.,scripts/dataset/profile_sensors.py;scripts/dataset/profile_images.py;scripts/dataset/audit_alignment.py;scripts/dataset/describe_dataset.py;scripts/dataset/profile_dataset.py;docs/repository_restructure/baseline/source_identities.json,moved
src/pi_multimodal_ad/data_contracts/__init__.py,src/phm2026/data_contracts/__init__.py,phm2026,Import/call-site audit: production consumers are PHM pipelines and PHM tutorials only; generic name does not justify shared ownership.,tests/unit/test_phm2026_adapter.py;tests/unit/test_data_contracts.py;docs/repository_restructure/baseline/source_identities.json,moved
src/pi_multimodal_ad/data_contracts/identifiers.py,src/phm2026/data_contracts/identifiers.py,phm2026,Import/call-site audit: production consumers are PHM pipelines and PHM tutorials only; generic name does not justify shared ownership.,docs/repository_restructure/baseline/source_identities.json,moved
src/pi_multimodal_ad/data_contracts/records.py,src/phm2026/data_contracts/records.py,phm2026,Import/call-site audit: production consumers are PHM pipelines and PHM tutorials only; generic name does not justify shared ownership.,docs/repository_restructure/baseline/source_identities.json,moved
src/pi_multimodal_ad/data_contracts/validation.py,src/phm2026/data_contracts/validation.py,phm2026,Import/call-site audit: production consumers are PHM pipelines and PHM tutorials only; generic name does not justify shared ownership.,docs/repository_restructure/baseline/source_identities.json,moved
src/pi_multimodal_ad/datasets/__init__.py,src/phm2026/datasets/__init__.py,phm2026,Import/call-site audit: production consumers are PHM pipelines and PHM tutorials only; generic name does not justify shared ownership.,tests/unit/test_sensor_profile.py;tests/unit/test_phm2026_adapter.py;tests/unit/test_asset_inventory.py;tests/unit/test_image_profile.py;docs/repository_restructure/baseline/source_identities.json;tutorials/rtdetr_storybook/make_raw_demo_dataset.py,moved
src/pi_multimodal_ad/datasets/base.py,src/phm2026/datasets/base.py,phm2026,Import/call-site audit: production consumers are PHM pipelines and PHM tutorials only; generic name does not justify shared ownership.,tests/unit/test_image_profile.py;docs/repository_restructure/baseline/source_identities.json,moved
src/pi_multimodal_ad/datasets/phm2026.py,src/phm2026/datasets/phm2026.py,phm2026,Import/call-site audit: production consumers are PHM pipelines and PHM tutorials only; generic name does not justify shared ownership.,docs/repository_restructure/baseline/source_identities.json;tutorials/rtdetr_storybook/make_raw_demo_dataset.py,moved
src/pi_multimodal_ad/evaluation/__init__.py,src/phm2026/evaluation/__init__.py,phm2026,Import/call-site audit: production consumers are PHM pipelines and PHM tutorials only; generic name does not justify shared ownership.,scripts/training/train_late_fusion.py;scripts/training/train_rtdetr_multitask.py;scripts/results/loeo_evaluation.py;scripts/results/evaluate_naive_baselines.py;scripts/results/monotonic_null_test.py;scripts/results/rescore_monotonic.py;scripts/results/sq2_sq3_fusion.py;tests/unit/test_regression_evaluation.py;tests/unit/test_sensor_regression_evaluation.py;tests/unit/test_monotonic.py;docs/repository_restructure/baseline/source_identities.json;tutorials/patchtst_freq_baseline/PLAN.md,moved
src/pi_multimodal_ad/evaluation/monotonic.py,src/phm2026/evaluation/monotonic.py,phm2026,Import/call-site audit: production consumers are PHM pipelines and PHM tutorials only; generic name does not justify shared ownership.,scripts/training/train_late_fusion.py;scripts/results/monotonic_null_test.py;scripts/results/rescore_monotonic.py;tests/unit/test_monotonic.py;docs/repository_restructure/baseline/source_identities.json,moved
src/pi_multimodal_ad/evaluation/regression.py,src/phm2026/evaluation/regression.py,phm2026,Import/call-site audit: production consumers are PHM pipelines and PHM tutorials only; generic name does not justify shared ownership.,scripts/training/train_late_fusion.py;scripts/training/train_rtdetr_multitask.py;scripts/results/loeo_evaluation.py;scripts/results/evaluate_naive_baselines.py;scripts/results/rescore_monotonic.py;scripts/results/sq2_sq3_fusion.py;tests/unit/test_regression_evaluation.py;docs/repository_restructure/baseline/source_identities.json,moved
src/pi_multimodal_ad/evaluation/sensor_regression.py,src/phm2026/evaluation/sensor_regression.py,phm2026,Import/call-site audit: production consumers are PHM pipelines and PHM tutorials only; generic name does not justify shared ownership.,tests/unit/test_sensor_regression_evaluation.py;docs/repository_restructure/baseline/source_identities.json,moved
src/pi_multimodal_ad/features/__init__.py,src/phm2026/features/__init__.py,phm2026,Import/call-site audit: production consumers are PHM pipelines and PHM tutorials only; generic name does not justify shared ownership.,scripts/features/build_sensor_features.py;tests/unit/test_sensor_minute_features.py;docs/repository_restructure/baseline/source_identities.json,moved
src/pi_multimodal_ad/features/sensor_feature_run.py,src/phm2026/features/sensor_feature_run.py,phm2026,Import/call-site audit: production consumers are PHM pipelines and PHM tutorials only; generic name does not justify shared ownership.,scripts/features/build_sensor_features.py;docs/repository_restructure/baseline/source_identities.json,moved
src/pi_multimodal_ad/features/sensor_minutes.py,src/phm2026/features/sensor_minutes.py,phm2026,Import/call-site audit: production consumers are PHM pipelines and PHM tutorials only; generic name does not justify shared ownership.,scripts/features/build_sensor_features.py;tests/unit/test_sensor_minute_features.py;docs/repository_restructure/baseline/source_identities.json,moved
src/pi_multimodal_ad/models/__init__.py,src/phm2026/models/__init__.py,phm2026,Import/call-site audit: production consumers are PHM pipelines and PHM tutorials only; generic name does not justify shared ownership.,scripts/training/train_late_fusion.py;scripts/training/train_rtdetr_detector.py;scripts/training/run_rtdetr_feasibility.py;scripts/training/train_rtdetr_multitask.py;scripts/training/train_rtdetr_regression.py;scripts/training/train_patchtst.py;scripts/results/loeo_evaluation.py;scripts/results/closing_task_c.py;scripts/results/sq2_sq3_fusion.py;tests/unit/test_patchtst.py;tests/unit/test_late_fusion.py;tests/unit/test_rtdetr_feasibility.py;tests/unit/test_rtdetr_multitask.py;tests/unit/test_rtdetr_detection.py;tests/unit/test_rtdetr_regression.py;docs/repository_restructure/baseline/source_identities.json;tutorials/final_baseline_rtdetr/REPORT.md;tutorials/final_baseline_rtdetr/CHECKPOINT.md;tutorials/final_baseline_rtdetr/PLAN.md;tutorials/final_baseline_rtdetr/scripts/phase4_03_error_taxonomy.py;tutorials/final_baseline_rtdetr/scripts/phase4_02_calibration_and_slicing.py;tutorials/final_baseline_rtdetr/scripts/phase4_01_threshold_and_geometry.py,moved
src/pi_multimodal_ad/models/late_fusion.py,src/phm2026/fusion/late_fusion.py,phm2026,Import/call-site audit: production consumers are PHM pipelines and PHM tutorials only; generic name does not justify shared ownership.,scripts/training/train_late_fusion.py;scripts/results/loeo_evaluation.py;tests/unit/test_late_fusion.py;docs/repository_restructure/baseline/source_identities.json,moved
src/pi_multimodal_ad/models/modality_fusion.py,src/phm2026/fusion/modality_fusion.py,phm2026,Import/call-site audit: production consumers are PHM pipelines and PHM tutorials only; generic name does not justify shared ownership.,scripts/results/sq2_sq3_fusion.py;docs/repository_restructure/baseline/source_identities.json,moved
src/pi_multimodal_ad/models/patchtst.py,src/phm2026/models/patchtst/model.py,phm2026,Import/call-site audit: production consumers are PHM pipelines and PHM tutorials only; generic name does not justify shared ownership.,scripts/training/train_late_fusion.py;scripts/training/train_patchtst.py;scripts/results/loeo_evaluation.py;scripts/results/closing_task_c.py;scripts/results/sq2_sq3_fusion.py;tests/unit/test_patchtst.py;tests/unit/test_late_fusion.py;docs/repository_restructure/baseline/source_identities.json;tutorials/patchtst_freq_baseline/model.py,moved
src/pi_multimodal_ad/models/patchtst_regression.py,src/phm2026/models/patchtst/regression.py,phm2026,Import/call-site audit: production consumers are PHM pipelines and PHM tutorials only; generic name does not justify shared ownership.,scripts/training/train_patchtst.py;docs/repository_restructure/baseline/source_identities.json,moved
src/pi_multimodal_ad/models/rtdetr_detection.py,src/phm2026/models/rtdetr/detection.py,phm2026,Import/call-site audit: production consumers are PHM pipelines and PHM tutorials only; generic name does not justify shared ownership.,scripts/training/train_rtdetr_detector.py;scripts/training/train_rtdetr_multitask.py;tests/unit/test_rtdetr_detection.py;docs/repository_restructure/baseline/source_identities.json;tutorials/final_baseline_rtdetr/REPORT.md;tutorials/final_baseline_rtdetr/CHECKPOINT.md;tutorials/final_baseline_rtdetr/PLAN.md;tutorials/final_baseline_rtdetr/scripts/phase4_03_error_taxonomy.py;tutorials/final_baseline_rtdetr/scripts/phase4_02_calibration_and_slicing.py;tutorials/final_baseline_rtdetr/scripts/phase4_01_threshold_and_geometry.py,moved
src/pi_multimodal_ad/models/rtdetr_feasibility.py,src/phm2026/models/rtdetr/feasibility.py,phm2026,Import/call-site audit: production consumers are PHM pipelines and PHM tutorials only; generic name does not justify shared ownership.,scripts/training/run_rtdetr_feasibility.py;scripts/training/train_rtdetr_regression.py;tests/unit/test_rtdetr_feasibility.py;docs/repository_restructure/baseline/source_identities.json,moved
src/pi_multimodal_ad/models/rtdetr_multitask.py,src/phm2026/models/rtdetr/multitask.py,phm2026,Import/call-site audit: production consumers are PHM pipelines and PHM tutorials only; generic name does not justify shared ownership.,scripts/training/train_rtdetr_multitask.py;tests/unit/test_rtdetr_multitask.py;docs/repository_restructure/baseline/source_identities.json,moved
src/pi_multimodal_ad/models/rtdetr_regression.py,src/phm2026/models/rtdetr/regression.py,phm2026,Import/call-site audit: production consumers are PHM pipelines and PHM tutorials only; generic name does not justify shared ownership.,scripts/training/train_rtdetr_multitask.py;scripts/training/train_rtdetr_regression.py;tests/unit/test_rtdetr_regression.py;docs/repository_restructure/baseline/source_identities.json,moved
src/pi_multimodal_ad/preprocessing/__init__.py,src/phm2026/preprocessing/__init__.py,phm2026,Import/call-site audit: production consumers are PHM pipelines and PHM tutorials only; generic name does not justify shared ownership.,scripts/training/train_late_fusion.py;scripts/training/train_patchtst.py;scripts/results/loeo_evaluation.py;scripts/results/closing_task_c.py;scripts/results/sq2_sq3_fusion.py;scripts/results/closing_task_c3_retest.py;tests/unit/test_sensor_minute_features.py;tests/unit/test_timeseries_preprocessing.py;docs/repository_restructure/baseline/source_identities.json,moved
src/pi_multimodal_ad/preprocessing/timeseries.py,src/phm2026/preprocessing/timeseries.py,phm2026,Import/call-site audit: production consumers are PHM pipelines and PHM tutorials only; generic name does not justify shared ownership.,scripts/training/train_late_fusion.py;scripts/training/train_patchtst.py;scripts/results/loeo_evaluation.py;scripts/results/closing_task_c.py;scripts/results/sq2_sq3_fusion.py;scripts/results/closing_task_c3_retest.py;tests/unit/test_sensor_minute_features.py;tests/unit/test_timeseries_preprocessing.py;docs/repository_restructure/baseline/source_identities.json,moved
src/pi_multimodal_ad/profiling/__init__.py,src/phm2026/profiling/__init__.py,phm2026,Import/call-site audit: production consumers are PHM pipelines and PHM tutorials only; generic name does not justify shared ownership.,scripts/targets/derive_image_targets.py;scripts/targets/build_rtdetr_pseudo_boxes.py;scripts/training/run_rtdetr_feasibility.py;scripts/training/train_rtdetr_regression.py;tests/unit/test_sensor_profile.py;tests/unit/test_archive_io.py;tests/unit/test_alignment.py;tests/unit/test_asset_inventory.py;tests/unit/test_image_profile.py;tests/unit/test_pseudo_boxes.py;tests/unit/test_alignment_pipeline.py;tests/unit/test_dataset_description.py;docs/repository_restructure/baseline/source_identities.json;tutorials/patchtst_freq_baseline/reader.py;tutorials/patchtst_freq_baseline/PLAN.md;tutorials/rtdetr_storybook/make_raw_demo_dataset.py,moved
src/pi_multimodal_ad/profiling/alignment.py,src/phm2026/profiling/alignment.py,phm2026,Import/call-site audit: production consumers are PHM pipelines and PHM tutorials only; generic name does not justify shared ownership.,tests/unit/test_alignment.py;tests/unit/test_alignment_pipeline.py;docs/repository_restructure/baseline/source_identities.json,moved
src/pi_multimodal_ad/profiling/alignment_artifacts.py,src/phm2026/profiling/alignment_artifacts.py,phm2026,Import/call-site audit: production consumers are PHM pipelines and PHM tutorials only; generic name does not justify shared ownership.,tests/unit/test_alignment_pipeline.py;docs/repository_restructure/baseline/source_identities.json,moved
src/pi_multimodal_ad/profiling/alignment_pipeline.py,src/phm2026/profiling/alignment_pipeline.py,phm2026,Import/call-site audit: production consumers are PHM pipelines and PHM tutorials only; generic name does not justify shared ownership.,tests/unit/test_alignment_pipeline.py;docs/repository_restructure/baseline/source_identities.json,moved
src/pi_multimodal_ad/profiling/archive_io.py,src/phm2026/profiling/archive_io.py,phm2026,Import/call-site audit: production consumers are PHM pipelines and PHM tutorials only; generic name does not justify shared ownership.,tests/unit/test_archive_io.py;docs/repository_restructure/baseline/source_identities.json;tutorials/patchtst_freq_baseline/reader.py;tutorials/patchtst_freq_baseline/PLAN.md;tutorials/rtdetr_storybook/make_raw_demo_dataset.py,moved
src/pi_multimodal_ad/profiling/assets.py,src/phm2026/profiling/assets.py,phm2026,Import/call-site audit: production consumers are PHM pipelines and PHM tutorials only; generic name does not justify shared ownership.,docs/repository_restructure/baseline/source_identities.json,moved
src/pi_multimodal_ad/profiling/dataset_description.py,src/phm2026/profiling/dataset_description.py,phm2026,Import/call-site audit: production consumers are PHM pipelines and PHM tutorials only; generic name does not justify shared ownership.,tests/unit/test_dataset_description.py;docs/repository_restructure/baseline/source_identities.json,moved
src/pi_multimodal_ad/profiling/images.py,src/phm2026/profiling/images.py,phm2026,Import/call-site audit: production consumers are PHM pipelines and PHM tutorials only; generic name does not justify shared ownership.,scripts/targets/derive_image_targets.py;scripts/targets/build_rtdetr_pseudo_boxes.py;scripts/training/run_rtdetr_feasibility.py;scripts/training/train_rtdetr_regression.py;tests/unit/test_image_profile.py;tests/unit/test_pseudo_boxes.py;docs/repository_restructure/baseline/source_identities.json,moved
src/pi_multimodal_ad/profiling/sensors.py,src/phm2026/profiling/sensors.py,phm2026,Import/call-site audit: production consumers are PHM pipelines and PHM tutorials only; generic name does not justify shared ownership.,tests/unit/test_sensor_profile.py;docs/repository_restructure/baseline/source_identities.json,moved
src/pi_multimodal_ad/reporting/__init__.py,src/phm2026/reporting/__init__.py,phm2026,Import/call-site audit: production consumers are PHM pipelines and PHM tutorials only; generic name does not justify shared ownership.,scripts/targets/audit_target.py;scripts/dataset/generate_dataset_evidence.py;scripts/presentation/generate_professor_presentation.py;scripts/training/train_late_fusion.py;scripts/training/train_rtdetr_multitask.py;scripts/results/generate_rtdetr_results.py;scripts/results/loeo_evaluation.py;scripts/results/evaluate_naive_baselines.py;scripts/results/rescore_monotonic.py;scripts/results/generate_patchtst_results.py;scripts/results/generate_rtdetr_r4_results.py;tests/unit/test_meeting_evidence.py;tests/unit/test_target_audit.py;docs/repository_restructure/baseline/source_identities.json,moved
src/pi_multimodal_ad/reporting/common.py,src/phm2026/reporting/common.py,phm2026,Import/call-site audit: production consumers are PHM pipelines and PHM tutorials only; generic name does not justify shared ownership.,scripts/presentation/generate_professor_presentation.py;scripts/training/train_late_fusion.py;scripts/training/train_rtdetr_multitask.py;scripts/results/generate_rtdetr_results.py;scripts/results/loeo_evaluation.py;scripts/results/evaluate_naive_baselines.py;scripts/results/rescore_monotonic.py;scripts/results/generate_rtdetr_r4_results.py;docs/repository_restructure/baseline/source_identities.json,moved
src/pi_multimodal_ad/reporting/dataset_evidence.py,src/phm2026/reporting/dataset_evidence.py,phm2026,Import/call-site audit: production consumers are PHM pipelines and PHM tutorials only; generic name does not justify shared ownership.,scripts/dataset/generate_dataset_evidence.py;tests/unit/test_meeting_evidence.py;docs/repository_restructure/baseline/source_identities.json,moved
src/pi_multimodal_ad/reporting/patchtst_results.py,src/phm2026/reporting/patchtst_results.py,phm2026,Import/call-site audit: production consumers are PHM pipelines and PHM tutorials only; generic name does not justify shared ownership.,scripts/results/generate_patchtst_results.py;docs/repository_restructure/baseline/source_identities.json,moved
src/pi_multimodal_ad/reporting/target_audit.py,src/phm2026/reporting/target_audit.py,phm2026,Import/call-site audit: production consumers are PHM pipelines and PHM tutorials only; generic name does not justify shared ownership.,scripts/targets/audit_target.py;tests/unit/test_target_audit.py;docs/repository_restructure/baseline/source_identities.json,moved
src/pi_multimodal_ad/targets/__init__.py,src/phm2026/targets/__init__.py,phm2026,Import/call-site audit: production consumers are PHM pipelines and PHM tutorials only; generic name does not justify shared ownership.,scripts/targets/derive_image_targets.py;scripts/targets/build_rtdetr_pseudo_boxes.py;scripts/features/build_model_dataset.py;tests/unit/test_model_dataset.py;tests/unit/test_target_definition_v3.py;tests/unit/test_image_damage_target.py;tests/unit/test_pseudo_boxes.py;docs/repository_restructure/baseline/source_identities.json;tutorials/rtdetr_storybook/README.md;tutorials/rtdetr_storybook/make_raw_demo_dataset.py;tutorials/rtdetr_storybook/raw_demo_data/raw_expb_run1_tooth05.md;tutorials/rtdetr_storybook/raw_demo_data/raw_expf_run1_tooth02.md;tutorials/rtdetr_storybook/raw_demo_data/raw_expf_run1_tooth01.md;tutorials/rtdetr_storybook/raw_demo_data/raw_expb_run1_tooth06.md;tutorials/rtdetr_storybook/raw_demo_data/raw_expa_run1_tooth05.md;tutorials/rtdetr_storybook/raw_demo_data/raw_expa_run1_tooth06.md,moved
src/pi_multimodal_ad/targets/image_damage.py,src/phm2026/targets/image_damage.py,phm2026,Import/call-site audit: production consumers are PHM pipelines and PHM tutorials only; generic name does not justify shared ownership.,scripts/targets/derive_image_targets.py;scripts/targets/build_rtdetr_pseudo_boxes.py;tests/unit/test_target_definition_v3.py;tests/unit/test_image_damage_target.py;tests/unit/test_pseudo_boxes.py;docs/repository_restructure/baseline/source_identities.json;tutorials/rtdetr_storybook/README.md;tutorials/rtdetr_storybook/make_raw_demo_dataset.py;tutorials/rtdetr_storybook/raw_demo_data/raw_expb_run1_tooth05.md;tutorials/rtdetr_storybook/raw_demo_data/raw_expf_run1_tooth02.md;tutorials/rtdetr_storybook/raw_demo_data/raw_expf_run1_tooth01.md;tutorials/rtdetr_storybook/raw_demo_data/raw_expb_run1_tooth06.md;tutorials/rtdetr_storybook/raw_demo_data/raw_expa_run1_tooth05.md;tutorials/rtdetr_storybook/raw_demo_data/raw_expa_run1_tooth06.md,moved
src/pi_multimodal_ad/targets/model_dataset.py,src/phm2026/targets/model_dataset.py,phm2026,Import/call-site audit: production consumers are PHM pipelines and PHM tutorials only; generic name does not justify shared ownership.,scripts/features/build_model_dataset.py;tests/unit/test_model_dataset.py;docs/repository_restructure/baseline/source_identities.json,moved
src/pi_multimodal_ad/targets/pseudo_boxes.py,src/phm2026/targets/pseudo_boxes.py,phm2026,Import/call-site audit: production consumers are PHM pipelines and PHM tutorials only; generic name does not justify shared ownership.,scripts/targets/build_rtdetr_pseudo_boxes.py;tests/unit/test_pseudo_boxes.py;docs/repository_restructure/baseline/source_identities.json,moved
src/pi_multimodal_ad/utils/__init__.py,src/phm2026/utils/__init__.py,phm2026,Import/call-site audit: production consumers are PHM pipelines and PHM tutorials only; generic name does not justify shared ownership.,scripts/targets/audit_target.py;scripts/targets/derive_image_targets.py;scripts/targets/build_rtdetr_pseudo_boxes.py;scripts/features/build_model_dataset.py;scripts/features/build_sensor_features.py;scripts/dataset/generate_dataset_evidence.py;scripts/presentation/generate_professor_presentation.py;scripts/training/train_late_fusion.py;scripts/training/train_rtdetr_detector.py;scripts/training/run_rtdetr_feasibility.py;scripts/training/train_rtdetr_multitask.py;scripts/training/train_rtdetr_regression.py;scripts/training/train_patchtst.py;scripts/results/generate_rtdetr_results.py;scripts/results/loeo_evaluation.py;scripts/results/evaluate_naive_baselines.py;scripts/results/rescore_monotonic.py;scripts/results/generate_patchtst_results.py;scripts/results/generate_rtdetr_r4_results.py;tests/unit/test_sensor_profile.py;tests/unit/test_run_infrastructure.py;tests/unit/test_pinned_artifacts.py;tests/unit/test_asset_inventory.py;tests/unit/test_image_profile.py;tests/unit/test_alignment_pipeline.py;tests/unit/test_dataset_description.py;docs/repository_restructure/baseline/source_identities.json,moved
src/pi_multimodal_ad/utils/artifacts.py,src/phm2026/utils/artifacts.py,phm2026,Import/call-site audit: production consumers are PHM pipelines and PHM tutorials only; generic name does not justify shared ownership.,scripts/features/build_sensor_features.py;scripts/training/train_late_fusion.py;scripts/training/train_rtdetr_detector.py;scripts/training/train_patchtst.py;scripts/results/loeo_evaluation.py;scripts/results/rescore_monotonic.py;scripts/results/generate_patchtst_results.py;docs/repository_restructure/baseline/source_identities.json,moved
src/pi_multimodal_ad/utils/config.py,src/phm2026/utils/config.py,phm2026,Import/call-site audit: production consumers are PHM pipelines and PHM tutorials only; generic name does not justify shared ownership.,scripts/features/build_sensor_features.py;scripts/training/train_late_fusion.py;scripts/training/train_patchtst.py;scripts/results/loeo_evaluation.py;scripts/results/rescore_monotonic.py;scripts/results/generate_patchtst_results.py;docs/repository_restructure/baseline/source_identities.json,moved
src/pi_multimodal_ad/utils/provenance.py,src/phm2026/utils/provenance.py,phm2026,Import/call-site audit: production consumers are PHM pipelines and PHM tutorials only; generic name does not justify shared ownership.,scripts/features/build_sensor_features.py;scripts/training/train_late_fusion.py;scripts/training/train_patchtst.py;scripts/results/loeo_evaluation.py;scripts/results/rescore_monotonic.py;scripts/results/generate_patchtst_results.py;tests/unit/test_run_infrastructure.py;docs/repository_restructure/baseline/source_identities.json,moved
src/pi_multimodal_ad/utils/seeding.py,src/phm2026/utils/seeding.py,phm2026,Import/call-site audit: production consumers are PHM pipelines and PHM tutorials only; generic name does not justify shared ownership.,scripts/training/run_rtdetr_feasibility.py;scripts/training/train_patchtst.py;docs/repository_restructure/baseline/source_identities.json,moved
src/pi_multimodal_ad/utils/splitting.py,src/phm2026/utils/splitting.py,phm2026,Import/call-site audit: production consumers are PHM pipelines and PHM tutorials only; generic name does not justify shared ownership.,docs/repository_restructure/baseline/source_identities.json,moved
src/reassemble/__init__.py,src/reassemble/__init__.py,reassemble,"Independent assembly-failure scientific domain, not recovery tooling; leave source/scripts/configs/tests intact.",src/reassemble/section3_visual.py;src/reassemble/modality_dropout.py;src/reassemble/completion_narrative.py;src/reassemble/completion_efficiency.py;src/reassemble/section3_evaluate.py;src/reassemble/section1_models.py;src/reassemble/section1b.py;src/reassemble/section3_sensor.py;src/reassemble/inventory.py;src/reassemble/section1b_report.py;src/reassemble/section1_features.py;src/reassemble/section2.py;src/reassemble/audit_report.py;src/reassemble/completion_synthesis.py;src/reassemble/section3_report.py;src/reassemble/completion_figures.py;src/reassemble/completion_audit.py;src/reassemble/completion_common.py;src/reassemble/section1_report.py;src/reassemble/section2_report.py;src/reassemble/completion_gates.py;src/reassemble/acquire.py;src/reassemble/boundary_visual/report.py;src/reassemble/boundary_visual/preflight.py;src/reassemble/boundary_visual/common.py;src/reassemble/boundary_visual/runner.py;src/reassemble/boundary_visual/training.py;src/reassemble/additional_improvements/task3_report.py;src/reassemble/additional_improvements/unimodal_report.py;src/reassemble/additional_improvements/robust_fusion.py;src/reassemble/additional_improvements/visual_resume.py;src/reassemble/additional_improvements/task4_external.py;src/reassemble/additional_improvements/finalize.py;src/reassemble/additional_improvements/corruption_resume.py;src/reassemble/additional_improvements/numerical_audit.py;src/reassemble/additional_improvements/prefix_cache.py;src/reassemble/additional_improvements/visual_features.py;src/reassemble/additional_improvements/supervisor.py;src/reassemble/additional_improvements/neural.py;src/reassemble/additional_improvements/hybrid.py;src/reassemble/additional_improvements/finetune.py;src/reassemble/additional_improvements/robust_report.py;src/reassemble/additional_improvements/historical_robustness.py;src/reassemble/additional_improvements/unimodal.py;src/reassemble/additional_improvements/branch_banks.py;src/reassemble/additional_improvements/corruptions.py;src/reassemble/additional_improvements/sensor_resume.py;src/reassemble/additional_improvements/common.py;src/reassemble/additional_improvements/reporting.py;src/reassemble/additional_improvements/models.py;src/reassemble/additional_improvements/anchored.py;scripts/reassemble/12_section3_visual.py;scripts/reassemble/close_additional_improvements.py;scripts/reassemble/04_section1_train.py;scripts/reassemble/08_validate_section1b.py;scripts/reassemble/09_section2.py;scripts/reassemble/21_completion_audit.py;scripts/reassemble/01_inventory.py;scripts/reassemble/03_section1_features.py;scripts/reassemble/00_acquire.py;scripts/reassemble/17_modality_dropout.py;scripts/reassemble/13_section3_sensor.py;scripts/reassemble/18_completion_gates.py;scripts/reassemble/07_section1b.py;scripts/reassemble/14_section3_evaluate.py;scripts/reassemble/prepare_boundary_visual.py;scripts/reassemble/15_section3_extract_parallel.py;scripts/reassemble/16_section3_report.py;scripts/reassemble/22_completion_driver.py;scripts/reassemble/11_review_section2.py;scripts/reassemble/02_audit.py;scripts/reassemble/10_validate_section2.py;scripts/reassemble/19_completion_efficiency.py;scripts/reassemble/05_section1_report.py;scripts/reassemble/01_inventory_during_extraction.py;scripts/reassemble/06_section1_driver.py;scripts/reassemble/20_completion_synthesis.py;scripts/thesis/build_final_documentation.py;scripts/reassemble/additional_improvements/audit_prefix_proposal.py;scripts/thesis/final_validity_audit/numerical.py;scripts/thesis/final_validity_audit/scope_boundary.py;scripts/thesis/final_validity_audit/overlap_followup.py;scripts/thesis/review_interface/build.py;tests/reassemble/test_section3.py;tests/reassemble/test_section1b.py;tests/reassemble/test_splits.py;tests/reassemble/test_alignment.py;tests/reassemble/test_inventory.py;tests/reassemble/test_section1.py;tests/reassemble/test_section2.py;tests/reassemble/boundary_visual/test_protocol.py;tests/reassemble/additional_improvements/test_extension.py;tests/reassemble/additional_improvements/test_corruption_resume.py;tests/reassemble/additional_improvements/test_training_recovery.py;tests/reassemble/additional_improvements/test_resume.py;configs/reassemble/section1.json;configs/reassemble/section1b.json;configs/reassemble/section3_corruptions.json;configs/reassemble/completion.json;configs/reassemble/section2.json;configs/reassemble/additional_improvements/execution.json;docs/REPOSITORY_FOLDER_STRUCTURE_20260929T135756Z.md;docs/reassemble/SECTION_1B_CONTINUATION.md;docs/reassemble/PHASE_A_B_RUNBOOK.md;docs/reassemble/SECTION_2_PROTOCOL.md;docs/reassemble/SECTION_1_PROTOCOL.md;docs/reassemble/DAILY_RESET_RECOVERY_PLAN_20260928.md;docs/reassemble/SECTION_2_CONTINUATION.md;docs/reassemble/SECTION_1B_RUNTIME_CORRECTION.md;docs/reassemble/SECTION_PLAN.md;docs/reassemble/ADDITIONAL_IMPROVEMENTS_EXECUTION_PROMPT.md;docs/reassemble/SECTION_3_CORRUPTION_PROTOCOL.md;docs/reassemble/CONTINUATION.md;docs/reassemble/MASTER_SPECIFICATION.md;docs/reassemble/AUTONOMOUS_CONTINUATION.md;docs/reassemble/AUTONOMOUS_RUNBOOK.md;docs/thesis/DOCUMENTATION_CONTINUATION.md;docs/thesis/EXPOSE_TO_FINAL_THESIS_MATRIX.md;docs/thesis/FINAL_THESIS_REPRODUCIBILITY.md;docs/thesis/FINAL_CLAIM_MATRIX.md;docs/repository_restructure/baseline/source_identities.json;docs/repository_restructure/baseline/safety.json,retain
src/reassemble/acquire.py,src/reassemble/acquire.py,reassemble,"Independent assembly-failure scientific domain, not recovery tooling; leave source/scripts/configs/tests intact.",scripts/reassemble/00_acquire.py;tests/reassemble/test_alignment.py;docs/repository_restructure/baseline/source_identities.json,retain
src/reassemble/additional_improvements/__init__.py,src/reassemble/additional_improvements/__init__.py,reassemble,"Independent assembly-failure scientific domain, not recovery tooling; leave source/scripts/configs/tests intact.",src/reassemble/additional_improvements/task4_external.py;src/reassemble/additional_improvements/corruption_resume.py;src/reassemble/additional_improvements/supervisor.py;src/reassemble/additional_improvements/sensor_resume.py;scripts/reassemble/close_additional_improvements.py;scripts/reassemble/additional_improvements/audit_prefix_proposal.py;tests/reassemble/additional_improvements/test_extension.py;tests/reassemble/additional_improvements/test_corruption_resume.py;tests/reassemble/additional_improvements/test_training_recovery.py;tests/reassemble/additional_improvements/test_resume.py;docs/repository_restructure/baseline/source_identities.json,retain
src/reassemble/additional_improvements/anchored.py,src/reassemble/additional_improvements/anchored.py,reassemble,"Independent assembly-failure scientific domain, not recovery tooling; leave source/scripts/configs/tests intact.",docs/repository_restructure/baseline/source_identities.json,retain
src/reassemble/additional_improvements/branch_banks.py,src/reassemble/additional_improvements/branch_banks.py,reassemble,"Independent assembly-failure scientific domain, not recovery tooling; leave source/scripts/configs/tests intact.",docs/repository_restructure/baseline/source_identities.json,retain
src/reassemble/additional_improvements/checkpoint_retention.py,src/reassemble/additional_improvements/checkpoint_retention.py,reassemble,"Independent assembly-failure scientific domain, not recovery tooling; leave source/scripts/configs/tests intact.",docs/repository_restructure/baseline/source_identities.json,retain
src/reassemble/additional_improvements/common.py,src/reassemble/additional_improvements/common.py,reassemble,"Independent assembly-failure scientific domain, not recovery tooling; leave source/scripts/configs/tests intact.",scripts/reassemble/close_additional_improvements.py;scripts/reassemble/additional_improvements/audit_prefix_proposal.py;tests/reassemble/additional_improvements/test_corruption_resume.py;docs/repository_restructure/baseline/source_identities.json,retain
src/reassemble/additional_improvements/corruption_resume.py,src/reassemble/additional_improvements/corruption_resume.py,reassemble,"Independent assembly-failure scientific domain, not recovery tooling; leave source/scripts/configs/tests intact.",src/reassemble/additional_improvements/corruption_resume.py;tests/reassemble/additional_improvements/test_corruption_resume.py;docs/repository_restructure/baseline/source_identities.json,retain
src/reassemble/additional_improvements/corruptions.py,src/reassemble/additional_improvements/corruptions.py,reassemble,"Independent assembly-failure scientific domain, not recovery tooling; leave source/scripts/configs/tests intact.",tests/reassemble/additional_improvements/test_extension.py;docs/repository_restructure/baseline/source_identities.json,retain
src/reassemble/additional_improvements/finalize.py,src/reassemble/additional_improvements/finalize.py,reassemble,"Independent assembly-failure scientific domain, not recovery tooling; leave source/scripts/configs/tests intact.",docs/repository_restructure/baseline/source_identities.json,retain
src/reassemble/additional_improvements/finetune.py,src/reassemble/additional_improvements/finetune.py,reassemble,"Independent assembly-failure scientific domain, not recovery tooling; leave source/scripts/configs/tests intact.",src/reassemble/additional_improvements/visual_resume.py;scripts/reassemble/additional_improvements/audit_prefix_proposal.py;docs/reassemble/DAILY_RESET_RECOVERY_PLAN_20260928.md;docs/repository_restructure/baseline/source_identities.json,retain
src/reassemble/additional_improvements/fit_summaries.py,src/reassemble/additional_improvements/fit_summaries.py,reassemble,"Independent assembly-failure scientific domain, not recovery tooling; leave source/scripts/configs/tests intact.",src/reassemble/additional_improvements/visual_resume.py;docs/repository_restructure/baseline/source_identities.json,retain
src/reassemble/additional_improvements/historical_robustness.py,src/reassemble/additional_improvements/historical_robustness.py,reassemble,"Independent assembly-failure scientific domain, not recovery tooling; leave source/scripts/configs/tests intact.",docs/repository_restructure/baseline/source_identities.json,retain
src/reassemble/additional_improvements/hybrid.py,src/reassemble/additional_improvements/hybrid.py,reassemble,"Independent assembly-failure scientific domain, not recovery tooling; leave source/scripts/configs/tests intact.",src/reassemble/additional_improvements/sensor_resume.py;docs/repository_restructure/baseline/source_identities.json,retain
src/reassemble/additional_improvements/models.py,src/reassemble/additional_improvements/models.py,reassemble,"Independent assembly-failure scientific domain, not recovery tooling; leave source/scripts/configs/tests intact.",scripts/reassemble/additional_improvements/audit_prefix_proposal.py;tests/reassemble/additional_improvements/test_extension.py;docs/repository_restructure/baseline/source_identities.json,retain
src/reassemble/additional_improvements/neural.py,src/reassemble/additional_improvements/neural.py,reassemble,"Independent assembly-failure scientific domain, not recovery tooling; leave source/scripts/configs/tests intact.",docs/repository_restructure/baseline/source_identities.json,retain
src/reassemble/additional_improvements/numerical_audit.py,src/reassemble/additional_improvements/numerical_audit.py,reassemble,"Independent assembly-failure scientific domain, not recovery tooling; leave source/scripts/configs/tests intact.",scripts/reassemble/close_additional_improvements.py;docs/repository_restructure/baseline/source_identities.json,retain
src/reassemble/additional_improvements/prefix_cache.py,src/reassemble/additional_improvements/prefix_cache.py,reassemble,"Independent assembly-failure scientific domain, not recovery tooling; leave source/scripts/configs/tests intact.",docs/repository_restructure/baseline/source_identities.json,retain
src/reassemble/additional_improvements/reporting.py,src/reassemble/additional_improvements/reporting.py,reassemble,"Independent assembly-failure scientific domain, not recovery tooling; leave source/scripts/configs/tests intact.",docs/repository_restructure/baseline/source_identities.json,retain
src/reassemble/additional_improvements/resume_io.py,src/reassemble/additional_improvements/resume_io.py,reassemble,"Independent assembly-failure scientific domain, not recovery tooling; leave source/scripts/configs/tests intact.",tests/reassemble/additional_improvements/test_resume.py;docs/repository_restructure/baseline/source_identities.json,retain
src/reassemble/additional_improvements/robust_fusion.py,src/reassemble/additional_improvements/robust_fusion.py,reassemble,"Independent assembly-failure scientific domain, not recovery tooling; leave source/scripts/configs/tests intact.",tests/reassemble/additional_improvements/test_extension.py;docs/repository_restructure/baseline/source_identities.json,retain
src/reassemble/additional_improvements/robust_report.py,src/reassemble/additional_improvements/robust_report.py,reassemble,"Independent assembly-failure scientific domain, not recovery tooling; leave source/scripts/configs/tests intact.",docs/repository_restructure/baseline/source_identities.json,retain
src/reassemble/additional_improvements/sensor_resume.py,src/reassemble/additional_improvements/sensor_resume.py,reassemble,"Independent assembly-failure scientific domain, not recovery tooling; leave source/scripts/configs/tests intact.",src/reassemble/additional_improvements/sensor_resume.py;tests/reassemble/additional_improvements/test_resume.py;docs/repository_restructure/baseline/source_identities.json,retain
src/reassemble/additional_improvements/supervisor.py,src/reassemble/additional_improvements/supervisor.py,reassemble,"Independent assembly-failure scientific domain, not recovery tooling; leave source/scripts/configs/tests intact.",docs/repository_restructure/baseline/source_identities.json,retain
src/reassemble/additional_improvements/task3_report.py,src/reassemble/additional_improvements/task3_report.py,reassemble,"Independent assembly-failure scientific domain, not recovery tooling; leave source/scripts/configs/tests intact.",docs/repository_restructure/baseline/source_identities.json,retain
src/reassemble/additional_improvements/task4_external.py,src/reassemble/additional_improvements/task4_external.py,reassemble,"Independent assembly-failure scientific domain, not recovery tooling; leave source/scripts/configs/tests intact.",src/reassemble/additional_improvements/task4_external.py;tests/reassemble/additional_improvements/test_corruption_resume.py;docs/repository_restructure/baseline/source_identities.json,retain
src/reassemble/additional_improvements/training_recovery.py,src/reassemble/additional_improvements/training_recovery.py,reassemble,"Independent assembly-failure scientific domain, not recovery tooling; leave source/scripts/configs/tests intact.",tests/reassemble/additional_improvements/test_training_recovery.py;docs/repository_restructure/baseline/source_identities.json,retain
src/reassemble/additional_improvements/unimodal.py,src/reassemble/additional_improvements/unimodal.py,reassemble,"Independent assembly-failure scientific domain, not recovery tooling; leave source/scripts/configs/tests intact.",docs/repository_restructure/baseline/source_identities.json,retain
src/reassemble/additional_improvements/unimodal_report.py,src/reassemble/additional_improvements/unimodal_report.py,reassemble,"Independent assembly-failure scientific domain, not recovery tooling; leave source/scripts/configs/tests intact.",src/reassemble/additional_improvements/visual_resume.py;src/reassemble/additional_improvements/sensor_resume.py;docs/repository_restructure/baseline/source_identities.json,retain
src/reassemble/additional_improvements/visual_features.py,src/reassemble/additional_improvements/visual_features.py,reassemble,"Independent assembly-failure scientific domain, not recovery tooling; leave source/scripts/configs/tests intact.",docs/repository_restructure/baseline/source_identities.json,retain
src/reassemble/additional_improvements/visual_resume.py,src/reassemble/additional_improvements/visual_resume.py,reassemble,"Independent assembly-failure scientific domain, not recovery tooling; leave source/scripts/configs/tests intact.",docs/repository_restructure/baseline/source_identities.json,retain
src/reassemble/alignment.py,src/reassemble/alignment.py,reassemble,"Independent assembly-failure scientific domain, not recovery tooling; leave source/scripts/configs/tests intact.",src/reassemble/boundary_visual/preflight.py;src/reassemble/additional_improvements/visual_features.py;src/reassemble/additional_improvements/corruptions.py;tests/reassemble/test_alignment.py;tests/reassemble/additional_improvements/test_extension.py;docs/repository_restructure/baseline/source_identities.json,retain
src/reassemble/audit_report.py,src/reassemble/audit_report.py,reassemble,"Independent assembly-failure scientific domain, not recovery tooling; leave source/scripts/configs/tests intact.",scripts/reassemble/02_audit.py;scripts/thesis/final_validity_audit/overlap_followup.py;tests/reassemble/test_inventory.py;docs/repository_restructure/baseline/source_identities.json,retain
src/reassemble/boundary_visual/__init__.py,src/reassemble/boundary_visual/__init__.py,reassemble,"Independent assembly-failure scientific domain, not recovery tooling; leave source/scripts/configs/tests intact.",src/reassemble/boundary_visual/common.py;scripts/reassemble/close_additional_improvements.py;scripts/reassemble/prepare_boundary_visual.py;tests/reassemble/boundary_visual/test_protocol.py;docs/repository_restructure/baseline/source_identities.json,retain
src/reassemble/boundary_visual/common.py,src/reassemble/boundary_visual/common.py,reassemble,"Independent assembly-failure scientific domain, not recovery tooling; leave source/scripts/configs/tests intact.",scripts/reassemble/close_additional_improvements.py;scripts/reassemble/prepare_boundary_visual.py;tests/reassemble/boundary_visual/test_protocol.py;docs/repository_restructure/baseline/source_identities.json,retain
src/reassemble/boundary_visual/models.py,src/reassemble/boundary_visual/models.py,reassemble,"Independent assembly-failure scientific domain, not recovery tooling; leave source/scripts/configs/tests intact.",scripts/reassemble/prepare_boundary_visual.py;tests/reassemble/boundary_visual/test_protocol.py;docs/repository_restructure/baseline/source_identities.json,retain
src/reassemble/boundary_visual/preflight.py,src/reassemble/boundary_visual/preflight.py,reassemble,"Independent assembly-failure scientific domain, not recovery tooling; leave source/scripts/configs/tests intact.",scripts/reassemble/prepare_boundary_visual.py;docs/repository_restructure/baseline/source_identities.json,retain
src/reassemble/boundary_visual/report.py,src/reassemble/boundary_visual/report.py,reassemble,"Independent assembly-failure scientific domain, not recovery tooling; leave source/scripts/configs/tests intact.",tests/reassemble/boundary_visual/test_protocol.py;docs/repository_restructure/baseline/source_identities.json,retain
src/reassemble/boundary_visual/runner.py,src/reassemble/boundary_visual/runner.py,reassemble,"Independent assembly-failure scientific domain, not recovery tooling; leave source/scripts/configs/tests intact.",src/reassemble/boundary_visual/common.py;scripts/reassemble/prepare_boundary_visual.py;docs/repository_restructure/baseline/source_identities.json,retain
src/reassemble/boundary_visual/training.py,src/reassemble/boundary_visual/training.py,reassemble,"Independent assembly-failure scientific domain, not recovery tooling; leave source/scripts/configs/tests intact.",docs/repository_restructure/baseline/source_identities.json,retain
src/reassemble/cluster_metrics.py,src/reassemble/cluster_metrics.py,reassemble,"Independent assembly-failure scientific domain, not recovery tooling; leave source/scripts/configs/tests intact.",src/reassemble/boundary_visual/report.py;src/reassemble/additional_improvements/robust_report.py;src/reassemble/additional_improvements/reporting.py;tests/reassemble/test_section3.py;tests/reassemble/boundary_visual/test_protocol.py;docs/repository_restructure/baseline/source_identities.json,retain
src/reassemble/completion_audit.py,src/reassemble/completion_audit.py,reassemble,"Independent assembly-failure scientific domain, not recovery tooling; leave source/scripts/configs/tests intact.",src/reassemble/additional_improvements/finalize.py;scripts/reassemble/21_completion_audit.py;docs/repository_restructure/baseline/source_identities.json,retain
src/reassemble/completion_common.py,src/reassemble/completion_common.py,reassemble,"Independent assembly-failure scientific domain, not recovery tooling; leave source/scripts/configs/tests intact.",src/reassemble/additional_improvements/corruptions.py;scripts/reassemble/15_section3_extract_parallel.py;scripts/reassemble/22_completion_driver.py;tests/reassemble/additional_improvements/test_extension.py;docs/repository_restructure/baseline/source_identities.json,retain
src/reassemble/completion_efficiency.py,src/reassemble/completion_efficiency.py,reassemble,"Independent assembly-failure scientific domain, not recovery tooling; leave source/scripts/configs/tests intact.",scripts/reassemble/19_completion_efficiency.py;docs/repository_restructure/baseline/source_identities.json,retain
src/reassemble/completion_figures.py,src/reassemble/completion_figures.py,reassemble,"Independent assembly-failure scientific domain, not recovery tooling; leave source/scripts/configs/tests intact.",docs/repository_restructure/baseline/source_identities.json,retain
src/reassemble/completion_gates.py,src/reassemble/completion_gates.py,reassemble,"Independent assembly-failure scientific domain, not recovery tooling; leave source/scripts/configs/tests intact.",scripts/reassemble/18_completion_gates.py;docs/repository_restructure/baseline/source_identities.json,retain
src/reassemble/completion_narrative.py,src/reassemble/completion_narrative.py,reassemble,"Independent assembly-failure scientific domain, not recovery tooling; leave source/scripts/configs/tests intact.",docs/repository_restructure/baseline/source_identities.json,retain
src/reassemble/completion_synthesis.py,src/reassemble/completion_synthesis.py,reassemble,"Independent assembly-failure scientific domain, not recovery tooling; leave source/scripts/configs/tests intact.",scripts/reassemble/20_completion_synthesis.py;scripts/thesis/build_final_documentation.py;docs/thesis/FINAL_THESIS_REPRODUCIBILITY.md;docs/repository_restructure/baseline/source_identities.json,retain
src/reassemble/inventory.py,src/reassemble/inventory.py,reassemble,"Independent assembly-failure scientific domain, not recovery tooling; leave source/scripts/configs/tests intact.",scripts/reassemble/01_inventory.py;scripts/reassemble/01_inventory_during_extraction.py;tests/reassemble/test_inventory.py;docs/repository_restructure/baseline/source_identities.json,retain
src/reassemble/media.py,src/reassemble/media.py,reassemble,"Independent assembly-failure scientific domain, not recovery tooling; leave source/scripts/configs/tests intact.",tests/reassemble/test_inventory.py;docs/repository_restructure/baseline/source_identities.json,retain
src/reassemble/modality_dropout.py,src/reassemble/modality_dropout.py,reassemble,"Independent assembly-failure scientific domain, not recovery tooling; leave source/scripts/configs/tests intact.",scripts/reassemble/17_modality_dropout.py;tests/reassemble/test_section3.py;docs/repository_restructure/baseline/source_identities.json,retain
src/reassemble/section1_features.py,src/reassemble/section1_features.py,reassemble,"Independent assembly-failure scientific domain, not recovery tooling; leave source/scripts/configs/tests intact.",src/reassemble/boundary_visual/preflight.py;src/reassemble/additional_improvements/task3_report.py;src/reassemble/additional_improvements/unimodal_report.py;src/reassemble/additional_improvements/robust_fusion.py;src/reassemble/additional_improvements/finalize.py;src/reassemble/additional_improvements/prefix_cache.py;src/reassemble/additional_improvements/visual_features.py;src/reassemble/additional_improvements/neural.py;src/reassemble/additional_improvements/finetune.py;src/reassemble/additional_improvements/robust_report.py;src/reassemble/additional_improvements/historical_robustness.py;src/reassemble/additional_improvements/corruptions.py;src/reassemble/additional_improvements/common.py;src/reassemble/additional_improvements/anchored.py;scripts/reassemble/close_additional_improvements.py;scripts/reassemble/08_validate_section1b.py;scripts/reassemble/03_section1_features.py;scripts/reassemble/22_completion_driver.py;scripts/reassemble/11_review_section2.py;scripts/reassemble/10_validate_section2.py;scripts/thesis/build_final_documentation.py;scripts/reassemble/additional_improvements/audit_prefix_proposal.py;tests/reassemble/test_section1.py;tests/reassemble/additional_improvements/test_extension.py;docs/repository_restructure/baseline/source_identities.json,retain
src/reassemble/section1_models.py,src/reassemble/section1_models.py,reassemble,"Independent assembly-failure scientific domain, not recovery tooling; leave source/scripts/configs/tests intact.",src/reassemble/boundary_visual/preflight.py;src/reassemble/boundary_visual/training.py;src/reassemble/additional_improvements/robust_fusion.py;src/reassemble/additional_improvements/neural.py;src/reassemble/additional_improvements/hybrid.py;src/reassemble/additional_improvements/finetune.py;src/reassemble/additional_improvements/historical_robustness.py;src/reassemble/additional_improvements/branch_banks.py;src/reassemble/additional_improvements/common.py;src/reassemble/additional_improvements/models.py;src/reassemble/additional_improvements/anchored.py;scripts/reassemble/04_section1_train.py;scripts/reassemble/08_validate_section1b.py;scripts/reassemble/10_validate_section2.py;tests/reassemble/test_section1.py;tests/reassemble/boundary_visual/test_protocol.py;tests/reassemble/additional_improvements/test_extension.py;docs/repository_restructure/baseline/source_identities.json,retain
src/reassemble/section1_report.py,src/reassemble/section1_report.py,reassemble,"Independent assembly-failure scientific domain, not recovery tooling; leave source/scripts/configs/tests intact.",src/reassemble/boundary_visual/report.py;src/reassemble/boundary_visual/runner.py;src/reassemble/additional_improvements/task3_report.py;src/reassemble/additional_improvements/unimodal_report.py;src/reassemble/additional_improvements/finalize.py;src/reassemble/additional_improvements/numerical_audit.py;src/reassemble/additional_improvements/robust_report.py;src/reassemble/additional_improvements/reporting.py;scripts/reassemble/close_additional_improvements.py;scripts/reassemble/11_review_section2.py;scripts/reassemble/05_section1_report.py;tests/reassemble/test_section3.py;tests/reassemble/test_section1.py;tests/reassemble/test_section2.py;tests/reassemble/boundary_visual/test_protocol.py;docs/repository_restructure/baseline/source_identities.json,retain
src/reassemble/section1b.py,src/reassemble/section1b.py,reassemble,"Independent assembly-failure scientific domain, not recovery tooling; leave source/scripts/configs/tests intact.",src/reassemble/boundary_visual/runner.py;src/reassemble/boundary_visual/training.py;src/reassemble/additional_improvements/robust_fusion.py;src/reassemble/additional_improvements/neural.py;src/reassemble/additional_improvements/hybrid.py;src/reassemble/additional_improvements/finetune.py;src/reassemble/additional_improvements/unimodal.py;src/reassemble/additional_improvements/branch_banks.py;src/reassemble/additional_improvements/anchored.py;scripts/reassemble/08_validate_section1b.py;scripts/reassemble/07_section1b.py;scripts/reassemble/10_validate_section2.py;tests/reassemble/test_section1b.py;tests/reassemble/test_section2.py;tests/reassemble/boundary_visual/test_protocol.py;tests/reassemble/additional_improvements/test_extension.py;docs/reassemble/SECTION_1B_CONTINUATION.md;docs/repository_restructure/baseline/source_identities.json,retain
src/reassemble/section1b_report.py,src/reassemble/section1b_report.py,reassemble,"Independent assembly-failure scientific domain, not recovery tooling; leave source/scripts/configs/tests intact.",tests/reassemble/test_section1b.py;docs/reassemble/SECTION_1B_CONTINUATION.md;docs/repository_restructure/baseline/source_identities.json,retain
src/reassemble/section2.py,src/reassemble/section2.py,reassemble,"Independent assembly-failure scientific domain, not recovery tooling; leave source/scripts/configs/tests intact.",src/reassemble/additional_improvements/robust_fusion.py;src/reassemble/additional_improvements/finalize.py;src/reassemble/additional_improvements/historical_robustness.py;src/reassemble/additional_improvements/anchored.py;scripts/reassemble/09_section2.py;scripts/reassemble/10_validate_section2.py;tests/reassemble/test_section3.py;tests/reassemble/test_section2.py;docs/repository_restructure/baseline/source_identities.json,retain
src/reassemble/section2_data.py,src/reassemble/section2_data.py,reassemble,"Independent assembly-failure scientific domain, not recovery tooling; leave source/scripts/configs/tests intact.",src/reassemble/additional_improvements/robust_fusion.py;src/reassemble/additional_improvements/finalize.py;src/reassemble/additional_improvements/historical_robustness.py;src/reassemble/additional_improvements/anchored.py;scripts/reassemble/10_validate_section2.py;tests/reassemble/test_section2.py;docs/repository_restructure/baseline/source_identities.json,retain
src/reassemble/section2_models.py,src/reassemble/section2_models.py,reassemble,"Independent assembly-failure scientific domain, not recovery tooling; leave source/scripts/configs/tests intact.",src/reassemble/additional_improvements/robust_fusion.py;scripts/reassemble/10_validate_section2.py;tests/reassemble/test_section3.py;tests/reassemble/test_section2.py;docs/repository_restructure/baseline/source_identities.json,retain
src/reassemble/section2_report.py,src/reassemble/section2_report.py,reassemble,"Independent assembly-failure scientific domain, not recovery tooling; leave source/scripts/configs/tests intact.",scripts/reassemble/10_validate_section2.py;tests/reassemble/test_section2.py;docs/repository_restructure/baseline/source_identities.json,retain
src/reassemble/section3_evaluate.py,src/reassemble/section3_evaluate.py,reassemble,"Independent assembly-failure scientific domain, not recovery tooling; leave source/scripts/configs/tests intact.",src/reassemble/additional_improvements/historical_robustness.py;scripts/reassemble/14_section3_evaluate.py;tests/reassemble/test_section3.py;docs/repository_restructure/baseline/source_identities.json,retain
src/reassemble/section3_report.py,src/reassemble/section3_report.py,reassemble,"Independent assembly-failure scientific domain, not recovery tooling; leave source/scripts/configs/tests intact.",scripts/reassemble/16_section3_report.py;docs/repository_restructure/baseline/source_identities.json,retain
src/reassemble/section3_sensor.py,src/reassemble/section3_sensor.py,reassemble,"Independent assembly-failure scientific domain, not recovery tooling; leave source/scripts/configs/tests intact.",src/reassemble/additional_improvements/branch_banks.py;src/reassemble/additional_improvements/corruptions.py;scripts/reassemble/13_section3_sensor.py;tests/reassemble/test_section3.py;tests/reassemble/additional_improvements/test_extension.py;docs/repository_restructure/baseline/source_identities.json,retain
src/reassemble/section3_visual.py,src/reassemble/section3_visual.py,reassemble,"Independent assembly-failure scientific domain, not recovery tooling; leave source/scripts/configs/tests intact.",src/reassemble/additional_improvements/visual_features.py;src/reassemble/additional_improvements/corruptions.py;scripts/reassemble/12_section3_visual.py;tests/reassemble/test_section3.py;tests/reassemble/additional_improvements/test_extension.py;docs/repository_restructure/baseline/source_identities.json,retain
src/reassemble/splits.py,src/reassemble/splits.py,reassemble,"Independent assembly-failure scientific domain, not recovery tooling; leave source/scripts/configs/tests intact.",tests/reassemble/test_splits.py;docs/repository_restructure/baseline/source_identities.json,retain
scripts/dataset/audit_alignment.py,scripts/phm2026/dataset/audit_alignment.py,phm2026,"PHM configs, provisional targets, gear data or PHM models; move under explicit domain.",src/pi_multimodal_ad/cli.py;tests/unit/test_alignment_pipeline.py;docs/repository_restructure/baseline/source_identities.json,moved
scripts/dataset/describe_dataset.py,scripts/phm2026/dataset/describe_dataset.py,phm2026,"PHM configs, provisional targets, gear data or PHM models; move under explicit domain.",src/pi_multimodal_ad/cli.py;tests/unit/test_dataset_description.py;docs/repository_restructure/baseline/source_identities.json,moved
scripts/dataset/generate_dataset_evidence.py,scripts/phm2026/dataset/generate_dataset_evidence.py,phm2026,"PHM configs, provisional targets, gear data or PHM models; move under explicit domain.",scripts/dataset/generate_dataset_evidence.py;docs/repository_restructure/baseline/source_identities.json,moved
scripts/dataset/profile_dataset.py,scripts/phm2026/dataset/profile_dataset.py,phm2026,"PHM configs, provisional targets, gear data or PHM models; move under explicit domain.",src/pi_multimodal_ad/cli.py;docs/repository_restructure/baseline/source_identities.json,moved
scripts/dataset/profile_images.py,scripts/phm2026/dataset/profile_images.py,phm2026,"PHM configs, provisional targets, gear data or PHM models; move under explicit domain.",src/pi_multimodal_ad/cli.py;tests/unit/test_image_profile.py;docs/repository_restructure/baseline/source_identities.json,moved
scripts/dataset/profile_sensors.py,scripts/phm2026/dataset/profile_sensors.py,phm2026,"PHM configs, provisional targets, gear data or PHM models; move under explicit domain.",src/pi_multimodal_ad/cli.py;tests/unit/test_sensor_profile.py;docs/repository_restructure/baseline/source_identities.json,moved
scripts/features/build_model_dataset.py,scripts/phm2026/features/build_model_dataset.py,phm2026,"PHM configs, provisional targets, gear data or PHM models; move under explicit domain.",scripts/features/build_model_dataset.py;scripts/results/generate_rtdetr_results.py;docs/repository_restructure/baseline/source_identities.json,moved
scripts/features/build_sensor_features.py,scripts/phm2026/features/build_sensor_features.py,phm2026,"PHM configs, provisional targets, gear data or PHM models; move under explicit domain.",scripts/features/build_sensor_features.py;docs/repository_restructure/baseline/source_identities.json,moved
scripts/intel_welding/01_inventory.py,scripts/intel_welding/01_inventory.py,intel_welding,Already explicitly located; preserve implementation and configuration.,docs/repository_restructure/baseline/source_identities.json,retain
scripts/intel_welding/02_label_audit.py,scripts/intel_welding/02_label_audit.py,intel_welding,Already explicitly located; preserve implementation and configuration.,docs/repository_restructure/baseline/source_identities.json,retain
scripts/intel_welding/03_make_split.py,scripts/intel_welding/03_make_split.py,intel_welding,Already explicitly located; preserve implementation and configuration.,docs/repository_restructure/baseline/source_identities.json,retain
scripts/intel_welding/04_foundations.py,scripts/intel_welding/04_foundations.py,intel_welding,Already explicitly located; preserve implementation and configuration.,scripts/intel_welding/04_foundations.py;tests/unit/test_intel_foundations.py;docs/intel_welding/FOUNDATION_RUNBOOK.md;docs/repository_restructure/baseline/source_identities.json,retain
scripts/intel_welding/05_foundation_report.py,scripts/intel_welding/05_foundation_report.py,intel_welding,Already explicitly located; preserve implementation and configuration.,scripts/intel_welding/05_foundation_report.py;docs/repository_restructure/baseline/source_identities.json,retain
scripts/intel_welding/__init__.py,scripts/intel_welding/__init__.py,intel_welding,Already explicitly located; preserve implementation and configuration.,docs/repository_restructure/baseline/source_identities.json,retain
scripts/ops/build_thesis_run_index.py,scripts/ops/build_thesis_run_index.py,repository,Already explicitly located; preserve implementation and configuration.,scripts/ops/build_thesis_run_index.py;docs/planning/FUSION_ROADMAP.md;docs/planning/HANDOFF.md;docs/thesis/RUN_INDEX.md;docs/repository_restructure/baseline/source_identities.json,retain
scripts/ops/check_disk_space.py,scripts/ops/check_disk_space.py,repository,Already explicitly located; preserve implementation and configuration.,scripts/ops/check_disk_space.py;docs/repository_restructure/baseline/source_identities.json,retain
scripts/ops/repin_source_run.py,scripts/ops/repin_source_run.py,repository,Already explicitly located; preserve implementation and configuration.,docs/planning/HANDOFF.md;docs/repository_restructure/baseline/source_identities.json,retain
scripts/paderborn/common.py,scripts/paderborn/common.py,paderborn,Already explicitly located; preserve implementation and configuration.,docs/thesis/ARCH_VAL_PB_PREREGISTRATION_20260926T224004Z.md;docs/thesis/ARCH_VAL_PB_20260926T224859Z.md;docs/repository_restructure/baseline/source_identities.json,retain
scripts/paderborn/extract_features.py,scripts/paderborn/extract_features.py,paderborn,Already explicitly located; preserve implementation and configuration.,docs/thesis/ARCH_VAL_PB_20260926T224859Z.md;docs/repository_restructure/baseline/source_identities.json,retain
scripts/paderborn/gate1_sanity.py,scripts/paderborn/gate1_sanity.py,paderborn,Already explicitly located; preserve implementation and configuration.,docs/thesis/ARCH_VAL_PB_20260926T224859Z.md;docs/repository_restructure/baseline/source_identities.json,retain
scripts/paderborn/gate2_signal.py,scripts/paderborn/gate2_signal.py,paderborn,Already explicitly located; preserve implementation and configuration.,docs/thesis/ARCH_VAL_PB_20260926T224859Z.md;docs/repository_restructure/baseline/source_identities.json,retain
scripts/paderborn/gate3_transfer.py,scripts/paderborn/gate3_transfer.py,paderborn,Already explicitly located; preserve implementation and configuration.,docs/thesis/ARCH_VAL_PB_20260926T224859Z.md;docs/repository_restructure/baseline/source_identities.json,retain
scripts/paderborn/gate3b_domain_shift.py,scripts/paderborn/gate3b_domain_shift.py,paderborn,Already explicitly located; preserve implementation and configuration.,docs/thesis/ARCH_VAL_PB_20260926T224859Z.md;docs/repository_restructure/baseline/source_identities.json,retain
scripts/paderborn/parse_factsheets.py,scripts/paderborn/parse_factsheets.py,paderborn,Already explicitly located; preserve implementation and configuration.,docs/thesis/ARCH_VAL_PB_20260926T224859Z.md;docs/repository_restructure/baseline/source_identities.json,retain
scripts/phm2026/legacy_inspect_dataset.py,scripts/phm2026/legacy_inspect_dataset.py,phm2026,Explicit domain already present; experiment-centric config paths are intentionally stable.,src/pi_multimodal_ad/acquisition/phm_download.py;configs/phm2026/download_manifest.json;docs/phm2026/RAW_DATA_RECOVERY.md;docs/repository_restructure/baseline/source_identities.json,retain
scripts/presentation/generate_professor_presentation.py,scripts/presentation/generate_professor_presentation.py,presentation (PHM consumer),Already explicitly located; preserve implementation and configuration.,scripts/presentation/generate_professor_presentation.py;docs/repository_restructure/baseline/source_identities.json,retain
scripts/rawvib/angular_features.py,scripts/rawvib/angular_features.py,phm2026,Established raw-vibration supplementary analysis area; retain to avoid unrelated churn.,scripts/thesis/build_final_documentation.py;docs/thesis/FINAL_THESIS_REPRODUCIBILITY.md;docs/thesis/RAW_VIB_20260927T095726Z.md;docs/repository_restructure/baseline/source_identities.json,retain
scripts/rawvib/l1_screen.py,scripts/rawvib/l1_screen.py,phm2026,Established raw-vibration supplementary analysis area; retain to avoid unrelated churn.,scripts/thesis/build_final_documentation.py;docs/thesis/FINAL_THESIS_REPRODUCIBILITY.md;docs/thesis/RAW_VIB_20260927T095726Z.md;docs/repository_restructure/baseline/source_identities.json,retain
scripts/rawvib/save_tsa.py,scripts/rawvib/save_tsa.py,phm2026,Established raw-vibration supplementary analysis area; retain to avoid unrelated churn.,scripts/thesis/build_final_documentation.py;docs/thesis/TOOTH_SECTOR_20260927T102354Z.md;docs/thesis/FINAL_THESIS_REPRODUCIBILITY.md;docs/repository_restructure/baseline/source_identities.json,retain
scripts/rawvib/sector_features.py,scripts/rawvib/sector_features.py,phm2026,Established raw-vibration supplementary analysis area; retain to avoid unrelated churn.,scripts/thesis/build_final_documentation.py;docs/thesis/TOOTH_SECTOR_20260927T102354Z.md;docs/thesis/FINAL_THESIS_REPRODUCIBILITY.md;docs/repository_restructure/baseline/source_identities.json,retain
scripts/rawvib/sector_screen.py,scripts/rawvib/sector_screen.py,phm2026,Established raw-vibration supplementary analysis area; retain to avoid unrelated churn.,scripts/thesis/build_final_documentation.py;docs/thesis/TOOTH_SECTOR_20260927T102354Z.md;docs/thesis/FINAL_THESIS_REPRODUCIBILITY.md;docs/repository_restructure/baseline/source_identities.json,retain
scripts/reassemble/00_acquire.py,scripts/reassemble/00_acquire.py,reassemble,"Independent assembly-failure scientific domain, not recovery tooling; leave source/scripts/configs/tests intact.",docs/reassemble/PHASE_A_B_RUNBOOK.md;docs/repository_restructure/baseline/source_identities.json,retain
scripts/reassemble/01_inventory.py,scripts/reassemble/01_inventory.py,reassemble,"Independent assembly-failure scientific domain, not recovery tooling; leave source/scripts/configs/tests intact.",docs/reassemble/PHASE_A_B_RUNBOOK.md;docs/reassemble/MASTER_SPECIFICATION.md;docs/repository_restructure/baseline/source_identities.json,retain
scripts/reassemble/01_inventory_during_extraction.py,scripts/reassemble/01_inventory_during_extraction.py,reassemble,"Independent assembly-failure scientific domain, not recovery tooling; leave source/scripts/configs/tests intact.",docs/reassemble/PHASE_A_B_RUNBOOK.md;docs/repository_restructure/baseline/source_identities.json,retain
scripts/reassemble/02_audit.py,scripts/reassemble/02_audit.py,reassemble,"Independent assembly-failure scientific domain, not recovery tooling; leave source/scripts/configs/tests intact.",docs/reassemble/PHASE_A_B_RUNBOOK.md;docs/repository_restructure/baseline/source_identities.json,retain
scripts/reassemble/03_section1_features.py,scripts/reassemble/03_section1_features.py,reassemble,"Independent assembly-failure scientific domain, not recovery tooling; leave source/scripts/configs/tests intact.",scripts/reassemble/06_section1_driver.py;docs/repository_restructure/baseline/source_identities.json,retain
scripts/reassemble/04_section1_train.py,scripts/reassemble/04_section1_train.py,reassemble,"Independent assembly-failure scientific domain, not recovery tooling; leave source/scripts/configs/tests intact.",docs/repository_restructure/baseline/source_identities.json,retain
scripts/reassemble/05_section1_report.py,scripts/reassemble/05_section1_report.py,reassemble,"Independent assembly-failure scientific domain, not recovery tooling; leave source/scripts/configs/tests intact.",scripts/thesis/build_final_documentation.py;docs/thesis/FINAL_THESIS_REPRODUCIBILITY.md;docs/repository_restructure/baseline/source_identities.json,retain
scripts/reassemble/06_section1_driver.py,scripts/reassemble/06_section1_driver.py,reassemble,"Independent assembly-failure scientific domain, not recovery tooling; leave source/scripts/configs/tests intact.",scripts/reassemble/06_section1_driver.py;docs/repository_restructure/baseline/source_identities.json,retain
scripts/reassemble/07_section1b.py,scripts/reassemble/07_section1b.py,reassemble,"Independent assembly-failure scientific domain, not recovery tooling; leave source/scripts/configs/tests intact.",src/reassemble/section1b.py;scripts/thesis/build_final_documentation.py;docs/reassemble/SECTION_1B_CONTINUATION.md;docs/thesis/FINAL_THESIS_REPRODUCIBILITY.md;docs/repository_restructure/baseline/source_identities.json,retain
scripts/reassemble/08_validate_section1b.py,scripts/reassemble/08_validate_section1b.py,reassemble,"Independent assembly-failure scientific domain, not recovery tooling; leave source/scripts/configs/tests intact.",scripts/reassemble/08_validate_section1b.py;docs/reassemble/SECTION_1B_CONTINUATION.md;docs/repository_restructure/baseline/source_identities.json,retain
scripts/reassemble/09_section2.py,scripts/reassemble/09_section2.py,reassemble,"Independent assembly-failure scientific domain, not recovery tooling; leave source/scripts/configs/tests intact.",src/reassemble/section2.py;scripts/thesis/build_final_documentation.py;docs/thesis/FINAL_THESIS_REPRODUCIBILITY.md;docs/repository_restructure/baseline/source_identities.json,retain
scripts/reassemble/10_validate_section2.py,scripts/reassemble/10_validate_section2.py,reassemble,"Independent assembly-failure scientific domain, not recovery tooling; leave source/scripts/configs/tests intact.",scripts/reassemble/10_validate_section2.py;docs/repository_restructure/baseline/source_identities.json,retain
scripts/reassemble/11_review_section2.py,scripts/reassemble/11_review_section2.py,reassemble,"Independent assembly-failure scientific domain, not recovery tooling; leave source/scripts/configs/tests intact.",docs/repository_restructure/baseline/source_identities.json,retain
scripts/reassemble/12_section3_visual.py,scripts/reassemble/12_section3_visual.py,reassemble,"Independent assembly-failure scientific domain, not recovery tooling; leave source/scripts/configs/tests intact.",docs/repository_restructure/baseline/source_identities.json,retain
scripts/reassemble/13_section3_sensor.py,scripts/reassemble/13_section3_sensor.py,reassemble,"Independent assembly-failure scientific domain, not recovery tooling; leave source/scripts/configs/tests intact.",docs/repository_restructure/baseline/source_identities.json,retain
scripts/reassemble/14_section3_evaluate.py,scripts/reassemble/14_section3_evaluate.py,reassemble,"Independent assembly-failure scientific domain, not recovery tooling; leave source/scripts/configs/tests intact.",docs/repository_restructure/baseline/source_identities.json,retain
scripts/reassemble/15_section3_extract_parallel.py,scripts/reassemble/15_section3_extract_parallel.py,reassemble,"Independent assembly-failure scientific domain, not recovery tooling; leave source/scripts/configs/tests intact.",docs/reassemble/AUTONOMOUS_RUNBOOK.md;docs/repository_restructure/baseline/source_identities.json,retain
scripts/reassemble/16_section3_report.py,scripts/reassemble/16_section3_report.py,reassemble,"Independent assembly-failure scientific domain, not recovery tooling; leave source/scripts/configs/tests intact.",scripts/thesis/build_final_documentation.py;docs/thesis/FINAL_THESIS_REPRODUCIBILITY.md;docs/repository_restructure/baseline/source_identities.json,retain
scripts/reassemble/17_modality_dropout.py,scripts/reassemble/17_modality_dropout.py,reassemble,"Independent assembly-failure scientific domain, not recovery tooling; leave source/scripts/configs/tests intact.",scripts/thesis/build_final_documentation.py;docs/thesis/FINAL_THESIS_REPRODUCIBILITY.md;docs/repository_restructure/baseline/source_identities.json,retain
scripts/reassemble/18_completion_gates.py,scripts/reassemble/18_completion_gates.py,reassemble,"Independent assembly-failure scientific domain, not recovery tooling; leave source/scripts/configs/tests intact.",scripts/thesis/build_final_documentation.py;docs/thesis/FINAL_THESIS_REPRODUCIBILITY.md;docs/repository_restructure/baseline/source_identities.json,retain
scripts/reassemble/19_completion_efficiency.py,scripts/reassemble/19_completion_efficiency.py,reassemble,"Independent assembly-failure scientific domain, not recovery tooling; leave source/scripts/configs/tests intact.",scripts/thesis/build_final_documentation.py;docs/thesis/FINAL_THESIS_REPRODUCIBILITY.md;docs/repository_restructure/baseline/source_identities.json,retain
scripts/reassemble/20_completion_synthesis.py,scripts/reassemble/20_completion_synthesis.py,reassemble,"Independent assembly-failure scientific domain, not recovery tooling; leave source/scripts/configs/tests intact.",src/reassemble/completion_figures.py;scripts/thesis/build_final_documentation.py;docs/thesis/FINAL_THESIS_REPRODUCIBILITY.md;docs/repository_restructure/baseline/source_identities.json,retain
scripts/reassemble/21_completion_audit.py,scripts/reassemble/21_completion_audit.py,reassemble,"Independent assembly-failure scientific domain, not recovery tooling; leave source/scripts/configs/tests intact.",docs/reassemble/AUTONOMOUS_RUNBOOK.md;docs/repository_restructure/baseline/source_identities.json,retain
scripts/reassemble/22_completion_driver.py,scripts/reassemble/22_completion_driver.py,reassemble,"Independent assembly-failure scientific domain, not recovery tooling; leave source/scripts/configs/tests intact.",docs/reassemble/AUTONOMOUS_RUNBOOK.md;docs/repository_restructure/baseline/source_identities.json,retain
scripts/reassemble/additional_improvements/audit_prefix_proposal.py,scripts/reassemble/additional_improvements/audit_prefix_proposal.py,reassemble,"Independent assembly-failure scientific domain, not recovery tooling; leave source/scripts/configs/tests intact.",docs/repository_restructure/baseline/source_identities.json,retain
scripts/reassemble/close_additional_improvements.py,scripts/reassemble/close_additional_improvements.py,reassemble,"Independent assembly-failure scientific domain, not recovery tooling; leave source/scripts/configs/tests intact.",docs/repository_restructure/baseline/source_identities.json,retain
scripts/reassemble/prepare_boundary_visual.py,scripts/reassemble/prepare_boundary_visual.py,reassemble,"Independent assembly-failure scientific domain, not recovery tooling; leave source/scripts/configs/tests intact.",docs/repository_restructure/baseline/source_identities.json,retain
scripts/results/analyze_photometrics.py,scripts/phm2026/results/analyze_photometrics.py,phm2026,"PHM configs, provisional targets, gear data or PHM models; move under explicit domain.",docs/repository_restructure/baseline/source_identities.json,moved
scripts/results/analyze_teacher_identity.py,scripts/phm2026/results/analyze_teacher_identity.py,phm2026,"PHM configs, provisional targets, gear data or PHM models; move under explicit domain.",docs/thesis/FUSION_RESULTS_20260912T111025Z.md;docs/repository_restructure/baseline/source_identities.json,moved
scripts/results/anomalydino_sweep.py,scripts/phm2026/results/anomalydino_sweep.py,phm2026,"PHM configs, provisional targets, gear data or PHM models; move under explicit domain.",scripts/thesis/build_final_documentation.py;docs/thesis/FINAL_THESIS_REPRODUCIBILITY.md;docs/thesis/ANOMALYDINO_RESULT_20260913T215556Z.md;docs/repository_restructure/baseline/source_identities.json,moved
scripts/results/anomalydino_validated.py,scripts/phm2026/results/anomalydino_validated.py,phm2026,"PHM configs, provisional targets, gear data or PHM models; move under explicit domain.",scripts/thesis/build_final_documentation.py;docs/thesis/FINAL_THESIS_REPRODUCIBILITY.md;docs/thesis/ANOMALYDINO_RESULT_20260913T215556Z.md;docs/repository_restructure/baseline/source_identities.json,moved
scripts/results/closing_task_c.py,scripts/phm2026/results/closing_task_c.py,phm2026,"PHM configs, provisional targets, gear data or PHM models; move under explicit domain.",scripts/paderborn/common.py;scripts/thesis/build_final_documentation.py;docs/thesis/ARCH_VAL_PB_PREREGISTRATION_20260926T224004Z.md;docs/thesis/FINAL_THESIS_REPRODUCIBILITY.md;docs/repository_restructure/baseline/source_identities.json,moved
scripts/results/closing_task_c3_retest.py,scripts/phm2026/results/closing_task_c3_retest.py,phm2026,"PHM configs, provisional targets, gear data or PHM models; move under explicit domain.",docs/repository_restructure/baseline/source_identities.json,moved
scripts/results/closing_tasks_a_b.py,scripts/phm2026/results/closing_tasks_a_b.py,phm2026,"PHM configs, provisional targets, gear data or PHM models; move under explicit domain.",docs/repository_restructure/baseline/source_identities.json,moved
scripts/results/diagnose_signal_and_monotonicity.py,scripts/phm2026/results/diagnose_signal_and_monotonicity.py,phm2026,"PHM configs, provisional targets, gear data or PHM models; move under explicit domain.",scripts/rawvib/l1_screen.py;docs/repository_restructure/baseline/source_identities.json,moved
scripts/results/evaluate_naive_baselines.py,scripts/phm2026/results/evaluate_naive_baselines.py,phm2026,"PHM configs, provisional targets, gear data or PHM models; move under explicit domain.",scripts/results/generate_rtdetr_results.py;scripts/results/evaluate_naive_baselines.py;docs/repository_restructure/baseline/source_identities.json,moved
scripts/results/generate_patchtst_results.py,scripts/phm2026/results/generate_patchtst_results.py,phm2026,"PHM configs, provisional targets, gear data or PHM models; move under explicit domain.",scripts/results/generate_patchtst_results.py;docs/repository_restructure/baseline/source_identities.json,moved
scripts/results/generate_rtdetr_r4_results.py,scripts/phm2026/results/generate_rtdetr_r4_results.py,phm2026,"PHM configs, provisional targets, gear data or PHM models; move under explicit domain.",scripts/results/generate_rtdetr_r4_results.py;docs/repository_restructure/baseline/source_identities.json,moved
scripts/results/generate_rtdetr_results.py,scripts/phm2026/results/generate_rtdetr_results.py,phm2026,"PHM configs, provisional targets, gear data or PHM models; move under explicit domain.",scripts/results/generate_rtdetr_results.py;docs/repository_restructure/baseline/source_identities.json,moved
scripts/results/loeo_evaluation.py,scripts/phm2026/results/loeo_evaluation.py,phm2026,"PHM configs, provisional targets, gear data or PHM models; move under explicit domain.",scripts/results/loeo_evaluation.py;scripts/results/verify_target_constants.py;scripts/thesis/build_final_documentation.py;docs/thesis/TARGET_VERSION_LEDGER.md;docs/thesis/FINAL_THESIS_REPRODUCIBILITY.md;docs/repository_restructure/baseline/source_identities.json,moved
scripts/results/monotonic_null_test.py,scripts/phm2026/results/monotonic_null_test.py,phm2026,"PHM configs, provisional targets, gear data or PHM models; move under explicit domain.",docs/thesis/OVERNIGHT_20260912T054144Z.md;docs/repository_restructure/baseline/source_identities.json,moved
scripts/results/rescore_monotonic.py,scripts/phm2026/results/rescore_monotonic.py,phm2026,"PHM configs, provisional targets, gear data or PHM models; move under explicit domain.",scripts/results/rescore_monotonic.py;docs/repository_restructure/baseline/source_identities.json,moved
scripts/results/sq2_sq3_fusion.py,scripts/phm2026/results/sq2_sq3_fusion.py,phm2026,"PHM configs, provisional targets, gear data or PHM models; move under explicit domain.",scripts/thesis/build_final_documentation.py;docs/thesis/FINAL_THESIS_REPRODUCIBILITY.md;docs/repository_restructure/baseline/source_identities.json,moved
scripts/results/verify_target_constants.py,scripts/phm2026/results/verify_target_constants.py,phm2026,"PHM configs, provisional targets, gear data or PHM models; move under explicit domain.",docs/thesis/TARGET_VERSION_LEDGER.md;docs/repository_restructure/baseline/source_identities.json,moved
scripts/targets/analyze_tooth_profiles.py,scripts/phm2026/targets/analyze_tooth_profiles.py,phm2026,"PHM configs, provisional targets, gear data or PHM models; move under explicit domain.",docs/planning/HANDOFF.md;docs/thesis/TARGET_VERSION_LEDGER.md;docs/repository_restructure/baseline/source_identities.json,moved
scripts/targets/audit_target.py,scripts/phm2026/targets/audit_target.py,phm2026,"PHM configs, provisional targets, gear data or PHM models; move under explicit domain.",scripts/targets/audit_target.py;docs/repository_restructure/baseline/source_identities.json,moved
scripts/targets/build_rtdetr_pseudo_boxes.py,scripts/phm2026/targets/build_rtdetr_pseudo_boxes.py,phm2026,"PHM configs, provisional targets, gear data or PHM models; move under explicit domain.",scripts/targets/build_rtdetr_pseudo_boxes.py;docs/repository_restructure/baseline/source_identities.json,moved
scripts/targets/derive_image_targets.py,scripts/phm2026/targets/derive_image_targets.py,phm2026,"PHM configs, provisional targets, gear data or PHM models; move under explicit domain.",scripts/targets/derive_image_targets.py;scripts/results/generate_rtdetr_results.py;scripts/thesis/build_final_documentation.py;docs/thesis/FINAL_THESIS_REPRODUCIBILITY.md;docs/repository_restructure/baseline/source_identities.json,moved
scripts/targets/ingest_blind_inspection.py,scripts/phm2026/targets/ingest_blind_inspection.py,phm2026,"PHM configs, provisional targets, gear data or PHM models; move under explicit domain.",docs/repository_restructure/baseline/source_identities.json,moved
scripts/targets/package_blind_inspection.py,scripts/phm2026/targets/package_blind_inspection.py,phm2026,"PHM configs, provisional targets, gear data or PHM models; move under explicit domain.",docs/repository_restructure/baseline/source_identities.json,moved
scripts/targets/prepare_blind_inspection.py,scripts/phm2026/targets/prepare_blind_inspection.py,phm2026,"PHM configs, provisional targets, gear data or PHM models; move under explicit domain.",docs/repository_restructure/baseline/source_identities.json,moved
scripts/targets/score_blind_inspection.py,scripts/phm2026/targets/score_blind_inspection.py,phm2026,"PHM configs, provisional targets, gear data or PHM models; move under explicit domain.",docs/repository_restructure/baseline/source_identities.json,moved
scripts/thesis/build_final_documentation.py,scripts/thesis/build_final_documentation.py,thesis,Already explicitly located; preserve implementation and configuration.,scripts/thesis/build_final_documentation.py;docs/thesis/DOCUMENTATION_CONTINUATION.md;docs/thesis/FINAL_THESIS_REPRODUCIBILITY.md;docs/repository_restructure/baseline/source_identities.json,retain
scripts/thesis/final_validity_audit/__init__.py,scripts/thesis/final_validity_audit/__init__.py,thesis,Already explicitly located; preserve implementation and configuration.,docs/repository_restructure/baseline/source_identities.json,retain
scripts/thesis/final_validity_audit/common.py,scripts/thesis/final_validity_audit/common.py,thesis,Already explicitly located; preserve implementation and configuration.,docs/repository_restructure/baseline/source_identities.json,retain
scripts/thesis/final_validity_audit/diagnostics.py,scripts/thesis/final_validity_audit/diagnostics.py,thesis,Already explicitly located; preserve implementation and configuration.,docs/repository_restructure/baseline/source_identities.json,retain
scripts/thesis/final_validity_audit/finalize.py,scripts/thesis/final_validity_audit/finalize.py,thesis,Already explicitly located; preserve implementation and configuration.,docs/repository_restructure/baseline/source_identities.json,retain
scripts/thesis/final_validity_audit/human_review.py,scripts/thesis/final_validity_audit/human_review.py,thesis,Already explicitly located; preserve implementation and configuration.,docs/repository_restructure/baseline/source_identities.json,retain
scripts/thesis/final_validity_audit/metrics.py,scripts/thesis/final_validity_audit/metrics.py,thesis,Already explicitly located; preserve implementation and configuration.,docs/repository_restructure/baseline/source_identities.json,retain
scripts/thesis/final_validity_audit/numerical.py,scripts/thesis/final_validity_audit/numerical.py,thesis,Already explicitly located; preserve implementation and configuration.,docs/repository_restructure/baseline/source_identities.json,retain
scripts/thesis/final_validity_audit/overlap_followup.py,scripts/thesis/final_validity_audit/overlap_followup.py,thesis,Already explicitly located; preserve implementation and configuration.,docs/repository_restructure/baseline/source_identities.json,retain
scripts/thesis/final_validity_audit/scope_boundary.py,scripts/thesis/final_validity_audit/scope_boundary.py,thesis,Already explicitly located; preserve implementation and configuration.,docs/repository_restructure/baseline/source_identities.json,retain
scripts/thesis/final_validity_audit/seal.py,scripts/thesis/final_validity_audit/seal.py,thesis,Already explicitly located; preserve implementation and configuration.,scripts/thesis/final_validity_audit/seal.py;docs/repository_restructure/baseline/source_identities.json,retain
scripts/thesis/review_interface/build.py,scripts/thesis/review_interface/build.py,thesis,Already explicitly located; preserve implementation and configuration.,docs/repository_restructure/baseline/source_identities.json,retain
scripts/thesis/review_interface/review.html,scripts/thesis/review_interface/review.html,thesis,Already explicitly located; preserve implementation and configuration.,,retain
scripts/training/run_rtdetr_feasibility.py,scripts/phm2026/training/run_rtdetr_feasibility.py,phm2026,"PHM configs, provisional targets, gear data or PHM models; move under explicit domain.",scripts/training/run_rtdetr_feasibility.py;docs/repository_restructure/baseline/source_identities.json,moved
scripts/training/train_late_fusion.py,scripts/phm2026/training/train_late_fusion.py,phm2026,"PHM configs, provisional targets, gear data or PHM models; move under explicit domain.",scripts/training/train_late_fusion.py;docs/repository_restructure/baseline/source_identities.json,moved
scripts/training/train_patchtst.py,scripts/phm2026/training/train_patchtst.py,phm2026,"PHM configs, provisional targets, gear data or PHM models; move under explicit domain.",scripts/training/train_patchtst.py;docs/thesis/RUN_INDEX.md;docs/repository_restructure/baseline/source_identities.json,moved
scripts/training/train_rtdetr_detector.py,scripts/phm2026/training/train_rtdetr_detector.py,phm2026,"PHM configs, provisional targets, gear data or PHM models; move under explicit domain.",scripts/training/train_rtdetr_detector.py;docs/repository_restructure/baseline/source_identities.json;tutorials/rtdetr_storybook/README.md;tutorials/rtdetr_storybook/rtdetr_storybook.py,moved
scripts/training/train_rtdetr_multitask.py,scripts/phm2026/training/train_rtdetr_multitask.py,phm2026,"PHM configs, provisional targets, gear data or PHM models; move under explicit domain.",scripts/training/train_rtdetr_multitask.py;docs/repository_restructure/baseline/source_identities.json,moved
scripts/training/train_rtdetr_regression.py,scripts/phm2026/training/train_rtdetr_regression.py,phm2026,"PHM configs, provisional targets, gear data or PHM models; move under explicit domain.",scripts/training/train_rtdetr_regression.py;scripts/results/generate_rtdetr_results.py;docs/repository_restructure/baseline/source_identities.json,moved
tests/fixtures/phm_recovery/official_page.html,tests/fixtures/phm_recovery/official_page.html,repository,Already explicitly located; preserve implementation and configuration.,,retain
tests/fixtures/synthetic_multimodal/README.md,tests/fixtures/synthetic_multimodal/README.md,repository,Already explicitly located; preserve implementation and configuration.,,retain
tests/fixtures/synthetic_multimodal/image_01.ppm,tests/fixtures/synthetic_multimodal/image_01.ppm,repository,Already explicitly located; preserve implementation and configuration.,,retain
tests/fixtures/synthetic_multimodal/image_02.ppm,tests/fixtures/synthetic_multimodal/image_02.ppm,repository,Already explicitly located; preserve implementation and configuration.,,retain
tests/fixtures/synthetic_multimodal/records.json,tests/fixtures/synthetic_multimodal/records.json,repository,Already explicitly located; preserve implementation and configuration.,docs/repository_restructure/baseline/source_identities.json,retain
tests/reassemble/additional_improvements/test_corruption_resume.py,tests/reassemble/additional_improvements/test_corruption_resume.py,reassemble,"Independent assembly-failure scientific domain, not recovery tooling; leave source/scripts/configs/tests intact.",docs/repository_restructure/baseline/source_identities.json,retain
tests/reassemble/additional_improvements/test_extension.py,tests/reassemble/additional_improvements/test_extension.py,reassemble,"Independent assembly-failure scientific domain, not recovery tooling; leave source/scripts/configs/tests intact.",docs/repository_restructure/baseline/source_identities.json,retain
tests/reassemble/additional_improvements/test_resume.py,tests/reassemble/additional_improvements/test_resume.py,reassemble,"Independent assembly-failure scientific domain, not recovery tooling; leave source/scripts/configs/tests intact.",docs/repository_restructure/baseline/source_identities.json,retain
tests/reassemble/additional_improvements/test_training_recovery.py,tests/reassemble/additional_improvements/test_training_recovery.py,reassemble,"Independent assembly-failure scientific domain, not recovery tooling; leave source/scripts/configs/tests intact.",docs/repository_restructure/baseline/source_identities.json,retain
tests/reassemble/boundary_visual/test_protocol.py,tests/reassemble/boundary_visual/test_protocol.py,reassemble,"Independent assembly-failure scientific domain, not recovery tooling; leave source/scripts/configs/tests intact.",docs/repository_restructure/baseline/source_identities.json,retain
tests/reassemble/test_alignment.py,tests/reassemble/test_alignment.py,reassemble,"Independent assembly-failure scientific domain, not recovery tooling; leave source/scripts/configs/tests intact.",docs/repository_restructure/baseline/source_identities.json,retain
tests/reassemble/test_inventory.py,tests/reassemble/test_inventory.py,reassemble,"Independent assembly-failure scientific domain, not recovery tooling; leave source/scripts/configs/tests intact.",docs/repository_restructure/baseline/source_identities.json,retain
tests/reassemble/test_section1.py,tests/reassemble/test_section1.py,reassemble,"Independent assembly-failure scientific domain, not recovery tooling; leave source/scripts/configs/tests intact.",docs/repository_restructure/baseline/source_identities.json,retain
tests/reassemble/test_section1b.py,tests/reassemble/test_section1b.py,reassemble,"Independent assembly-failure scientific domain, not recovery tooling; leave source/scripts/configs/tests intact.",docs/repository_restructure/baseline/source_identities.json,retain
tests/reassemble/test_section2.py,tests/reassemble/test_section2.py,reassemble,"Independent assembly-failure scientific domain, not recovery tooling; leave source/scripts/configs/tests intact.",docs/repository_restructure/baseline/source_identities.json,retain
tests/reassemble/test_section3.py,tests/reassemble/test_section3.py,reassemble,"Independent assembly-failure scientific domain, not recovery tooling; leave source/scripts/configs/tests intact.",docs/repository_restructure/baseline/source_identities.json,retain
tests/reassemble/test_splits.py,tests/reassemble/test_splits.py,reassemble,"Independent assembly-failure scientific domain, not recovery tooling; leave source/scripts/configs/tests intact.",docs/repository_restructure/baseline/source_identities.json,retain
tests/thesis/final_validity_audit/test_diagnostics.py,tests/thesis/final_validity_audit/test_diagnostics.py,thesis,Already explicitly located; preserve implementation and configuration.,docs/repository_restructure/baseline/source_identities.json,retain
tests/thesis/final_validity_audit/test_human_review.py,tests/thesis/final_validity_audit/test_human_review.py,thesis,Already explicitly located; preserve implementation and configuration.,docs/repository_restructure/baseline/source_identities.json,retain
tests/thesis/final_validity_audit/test_metrics_identity.py,tests/thesis/final_validity_audit/test_metrics_identity.py,thesis,Already explicitly located; preserve implementation and configuration.,docs/repository_restructure/baseline/source_identities.json,retain
tests/unit/conftest.py,tests/phm2026/conftest.py,phm2026,Domain follows implementation under test; same-depth move preserves fixture paths.,docs/repository_restructure/baseline/source_identities.json,moved
tests/unit/test_alignment.py,tests/phm2026/test_alignment.py,phm2026,Domain follows implementation under test; same-depth move preserves fixture paths.,docs/repository_restructure/baseline/source_identities.json,moved
tests/unit/test_alignment_pipeline.py,tests/phm2026/test_alignment_pipeline.py,phm2026,Domain follows implementation under test; same-depth move preserves fixture paths.,docs/repository_restructure/baseline/source_identities.json,moved
tests/unit/test_archive_io.py,tests/phm2026/test_archive_io.py,phm2026,Domain follows implementation under test; same-depth move preserves fixture paths.,docs/repository_restructure/baseline/source_identities.json,moved
tests/unit/test_asset_inventory.py,tests/phm2026/test_asset_inventory.py,phm2026,Domain follows implementation under test; same-depth move preserves fixture paths.,docs/repository_restructure/baseline/source_identities.json,moved
tests/unit/test_data_contracts.py,tests/phm2026/test_data_contracts.py,phm2026,Domain follows implementation under test; same-depth move preserves fixture paths.,docs/repository_restructure/baseline/source_identities.json,moved
tests/unit/test_dataset_description.py,tests/phm2026/test_dataset_description.py,phm2026,Domain follows implementation under test; same-depth move preserves fixture paths.,docs/repository_restructure/baseline/source_identities.json,moved
tests/unit/test_image_damage_target.py,tests/phm2026/test_image_damage_target.py,phm2026,Domain follows implementation under test; same-depth move preserves fixture paths.,docs/repository_restructure/baseline/source_identities.json,moved
tests/unit/test_image_profile.py,tests/phm2026/test_image_profile.py,phm2026,Domain follows implementation under test; same-depth move preserves fixture paths.,docs/repository_restructure/baseline/source_identities.json,moved
tests/unit/test_intel_foundations.py,tests/intel_welding/test_intel_foundations.py,intel_welding,Domain follows implementation under test; same-depth move preserves fixture paths.,docs/intel_welding/FOUNDATION_RUNBOOK.md;docs/repository_restructure/baseline/source_identities.json,moved
tests/unit/test_late_fusion.py,tests/phm2026/test_late_fusion.py,phm2026,Domain follows implementation under test; same-depth move preserves fixture paths.,docs/repository_restructure/baseline/source_identities.json,moved
tests/unit/test_meeting_evidence.py,tests/phm2026/test_meeting_evidence.py,phm2026,Domain follows implementation under test; same-depth move preserves fixture paths.,docs/repository_restructure/baseline/source_identities.json,moved
tests/unit/test_model_dataset.py,tests/phm2026/test_model_dataset.py,phm2026,Domain follows implementation under test; same-depth move preserves fixture paths.,docs/repository_restructure/baseline/source_identities.json,moved
tests/unit/test_monotonic.py,tests/phm2026/test_monotonic.py,phm2026,Domain follows implementation under test; same-depth move preserves fixture paths.,docs/repository_restructure/baseline/source_identities.json,moved
tests/unit/test_ops_scripts.py,tests/ops/test_ops_scripts.py,ops,Domain follows implementation under test; same-depth move preserves fixture paths.,docs/repository_restructure/baseline/source_identities.json,moved
tests/unit/test_patchtst.py,tests/phm2026/test_patchtst.py,phm2026,Domain follows implementation under test; same-depth move preserves fixture paths.,docs/repository_restructure/baseline/source_identities.json,moved
tests/unit/test_phm2026_adapter.py,tests/phm2026/test_phm2026_adapter.py,phm2026,Domain follows implementation under test; same-depth move preserves fixture paths.,docs/repository_restructure/baseline/source_identities.json,moved
tests/unit/test_phm_download.py,tests/phm2026/test_phm_download.py,phm2026,Domain follows implementation under test; same-depth move preserves fixture paths.,docs/phm2026/RAW_DATA_RECOVERY.md;docs/repository_restructure/baseline/source_identities.json,moved
tests/unit/test_pinned_artifacts.py,tests/phm2026/test_pinned_artifacts.py,phm2026,Domain follows implementation under test; same-depth move preserves fixture paths.,docs/repository_restructure/baseline/source_identities.json,moved
tests/unit/test_pseudo_boxes.py,tests/phm2026/test_pseudo_boxes.py,phm2026,Domain follows implementation under test; same-depth move preserves fixture paths.,docs/repository_restructure/baseline/source_identities.json,moved
tests/unit/test_regression_evaluation.py,tests/phm2026/test_regression_evaluation.py,phm2026,Domain follows implementation under test; same-depth move preserves fixture paths.,docs/repository_restructure/baseline/source_identities.json,moved
tests/unit/test_rtdetr_detection.py,tests/phm2026/test_rtdetr_detection.py,phm2026,Domain follows implementation under test; same-depth move preserves fixture paths.,docs/repository_restructure/baseline/source_identities.json,moved
tests/unit/test_rtdetr_feasibility.py,tests/phm2026/test_rtdetr_feasibility.py,phm2026,Domain follows implementation under test; same-depth move preserves fixture paths.,docs/repository_restructure/baseline/source_identities.json,moved
tests/unit/test_rtdetr_multitask.py,tests/phm2026/test_rtdetr_multitask.py,phm2026,Domain follows implementation under test; same-depth move preserves fixture paths.,docs/repository_restructure/baseline/source_identities.json,moved
tests/unit/test_rtdetr_regression.py,tests/phm2026/test_rtdetr_regression.py,phm2026,Domain follows implementation under test; same-depth move preserves fixture paths.,docs/repository_restructure/baseline/source_identities.json,moved
tests/unit/test_run_infrastructure.py,tests/phm2026/test_run_infrastructure.py,phm2026,Domain follows implementation under test; same-depth move preserves fixture paths.,docs/repository_restructure/baseline/source_identities.json,moved
tests/unit/test_sensor_minute_features.py,tests/phm2026/test_sensor_minute_features.py,phm2026,Domain follows implementation under test; same-depth move preserves fixture paths.,docs/repository_restructure/baseline/source_identities.json,moved
tests/unit/test_sensor_profile.py,tests/phm2026/test_sensor_profile.py,phm2026,Domain follows implementation under test; same-depth move preserves fixture paths.,docs/repository_restructure/baseline/source_identities.json,moved
tests/unit/test_sensor_regression_evaluation.py,tests/phm2026/test_sensor_regression_evaluation.py,phm2026,Domain follows implementation under test; same-depth move preserves fixture paths.,docs/repository_restructure/baseline/source_identities.json,moved
tests/unit/test_target_audit.py,tests/phm2026/test_target_audit.py,phm2026,Domain follows implementation under test; same-depth move preserves fixture paths.,docs/repository_restructure/baseline/source_identities.json,moved
tests/unit/test_target_definition_v3.py,tests/phm2026/test_target_definition_v3.py,phm2026,Domain follows implementation under test; same-depth move preserves fixture paths.,docs/repository_restructure/baseline/source_identities.json,moved
tests/unit/test_timeseries_preprocessing.py,tests/phm2026/test_timeseries_preprocessing.py,phm2026,Domain follows implementation under test; same-depth move preserves fixture paths.,docs/repository_restructure/baseline/source_identities.json,moved
configs/datasets/phm2026.yaml,configs/datasets/phm2026.yaml,phm2026,Explicit domain already present; experiment-centric config paths are intentionally stable.,scripts/thesis/build_final_documentation.py;tests/unit/test_phm2026_adapter.py;configs/experiments/phm2026_rtdetr_regression.yaml;configs/experiments/phm2026_meeting_evidence.yaml;configs/experiments/phm2026_dataset_description.yaml;configs/experiments/phm2026_sensor_features_v3.yaml;configs/experiments/phm2026_target_audit.yaml;configs/experiments/phm2026_image_target.yaml;configs/experiments/phm2026_sensor_features.yaml;configs/experiments/phm2026_monotonic_rescoring.yaml;configs/experiments/phm2026_rtdetr_feasibility.yaml;configs/experiments/phm2026_rtdetr_pseudo_boxes.yaml;configs/experiments/phm2026_image_target_v3.yaml;docs/planning/PROJECT_STATE.md;docs/planning/PHM_CODEX_IMPLEMENTATION_BACKLOG.md;docs/planning/HANDOFF.md;docs/thesis/FINAL_THESIS_REPRODUCIBILITY.md;docs/repository_restructure/baseline/source_identities.json,retain
configs/experiments/phm2026_dataset_description.yaml,configs/experiments/phm2026_dataset_description.yaml,phm2026,Explicit domain already present; experiment-centric config paths are intentionally stable.,src/pi_multimodal_ad/cli.py;docs/planning/PROJECT_STATE.md;docs/thesis/RUN_INDEX.md;docs/repository_restructure/baseline/source_identities.json,retain
configs/experiments/phm2026_evaluation.yaml,configs/experiments/phm2026_evaluation.yaml,phm2026,Explicit domain already present; experiment-centric config paths are intentionally stable.,scripts/results/evaluate_naive_baselines.py;docs/thesis/RUN_INDEX.md;docs/repository_restructure/baseline/source_identities.json,retain
configs/experiments/phm2026_fusion_latefusion.yaml,configs/experiments/phm2026_fusion_latefusion.yaml,phm2026,Explicit domain already present; experiment-centric config paths are intentionally stable.,scripts/training/train_late_fusion.py;scripts/results/loeo_evaluation.py;docs/repository_restructure/baseline/source_identities.json,retain
configs/experiments/phm2026_image_target.yaml,configs/experiments/phm2026_image_target.yaml,phm2026,Explicit domain already present; experiment-centric config paths are intentionally stable.,scripts/targets/derive_image_targets.py;docs/thesis/RUN_INDEX.md;docs/repository_restructure/baseline/source_identities.json;tutorials/final_baseline_rtdetr/REPORT.md;tutorials/rtdetr_storybook/README.md;tutorials/rtdetr_storybook/make_raw_demo_dataset.py;tutorials/rtdetr_storybook/rtdetr_storybook.py;tutorials/rtdetr_storybook/example_run/REPORT.md,retain
configs/experiments/phm2026_image_target_v3.yaml,configs/experiments/phm2026_image_target_v3.yaml,phm2026,Explicit domain already present; experiment-centric config paths are intentionally stable.,docs/repository_restructure/baseline/source_identities.json,retain
configs/experiments/phm2026_meeting_evidence.yaml,configs/experiments/phm2026_meeting_evidence.yaml,phm2026,Explicit domain already present; experiment-centric config paths are intentionally stable.,scripts/dataset/generate_dataset_evidence.py;docs/thesis/RUN_INDEX.md;docs/repository_restructure/baseline/source_identities.json,retain
configs/experiments/phm2026_model_dataset.yaml,configs/experiments/phm2026_model_dataset.yaml,phm2026,Explicit domain already present; experiment-centric config paths are intentionally stable.,scripts/features/build_model_dataset.py;docs/thesis/RUN_INDEX.md;docs/repository_restructure/baseline/source_identities.json,retain
configs/experiments/phm2026_monotonic_rescoring.yaml,configs/experiments/phm2026_monotonic_rescoring.yaml,phm2026,Explicit domain already present; experiment-centric config paths are intentionally stable.,scripts/results/rescore_monotonic.py;docs/repository_restructure/baseline/source_identities.json,retain
configs/experiments/phm2026_patchtst_baseline.yaml,configs/experiments/phm2026_patchtst_baseline.yaml,phm2026,Explicit domain already present; experiment-centric config paths are intentionally stable.,scripts/training/train_patchtst.py;docs/planning/FUSION_ROADMAP.md;docs/thesis/RUN_INDEX.md;docs/repository_restructure/baseline/source_identities.json,retain
configs/experiments/phm2026_patchtst_results.yaml,configs/experiments/phm2026_patchtst_results.yaml,phm2026,Explicit domain already present; experiment-centric config paths are intentionally stable.,scripts/results/generate_patchtst_results.py;docs/thesis/RUN_INDEX.md;docs/repository_restructure/baseline/source_identities.json,retain
configs/experiments/phm2026_professor_presentation.yaml,configs/experiments/phm2026_professor_presentation.yaml,phm2026,Explicit domain already present; experiment-centric config paths are intentionally stable.,scripts/presentation/generate_professor_presentation.py;docs/thesis/RUN_INDEX.md;docs/repository_restructure/baseline/source_identities.json,retain
configs/experiments/phm2026_rtdetr_detection.yaml,configs/experiments/phm2026_rtdetr_detection.yaml,phm2026,Explicit domain already present; experiment-centric config paths are intentionally stable.,scripts/training/train_rtdetr_detector.py;docs/thesis/RUN_INDEX.md;docs/repository_restructure/baseline/source_identities.json;tutorials/final_baseline_rtdetr/CHECKPOINT.md;tutorials/final_baseline_rtdetr/PLAN.md,retain
configs/experiments/phm2026_rtdetr_feasibility.yaml,configs/experiments/phm2026_rtdetr_feasibility.yaml,phm2026,Explicit domain already present; experiment-centric config paths are intentionally stable.,scripts/training/run_rtdetr_feasibility.py;docs/thesis/RUN_INDEX.md;docs/repository_restructure/baseline/source_identities.json,retain
configs/experiments/phm2026_rtdetr_multitask.yaml,configs/experiments/phm2026_rtdetr_multitask.yaml,phm2026,Explicit domain already present; experiment-centric config paths are intentionally stable.,scripts/training/train_rtdetr_multitask.py;docs/thesis/RUN_INDEX.md;docs/repository_restructure/baseline/source_identities.json,retain
configs/experiments/phm2026_rtdetr_pseudo_boxes.yaml,configs/experiments/phm2026_rtdetr_pseudo_boxes.yaml,phm2026,Explicit domain already present; experiment-centric config paths are intentionally stable.,scripts/targets/build_rtdetr_pseudo_boxes.py;docs/thesis/RUN_INDEX.md;docs/repository_restructure/baseline/source_identities.json,retain
configs/experiments/phm2026_rtdetr_r4_results.yaml,configs/experiments/phm2026_rtdetr_r4_results.yaml,phm2026,Explicit domain already present; experiment-centric config paths are intentionally stable.,scripts/results/generate_rtdetr_r4_results.py;docs/thesis/RUN_INDEX.md;docs/repository_restructure/baseline/source_identities.json,retain
configs/experiments/phm2026_rtdetr_regression.yaml,configs/experiments/phm2026_rtdetr_regression.yaml,phm2026,Explicit domain already present; experiment-centric config paths are intentionally stable.,scripts/training/train_rtdetr_regression.py;docs/thesis/RUN_INDEX.md;docs/repository_restructure/baseline/source_identities.json,retain
configs/experiments/phm2026_rtdetr_results.yaml,configs/experiments/phm2026_rtdetr_results.yaml,phm2026,Explicit domain already present; experiment-centric config paths are intentionally stable.,scripts/results/generate_rtdetr_results.py;docs/thesis/RUN_INDEX.md;docs/repository_restructure/baseline/source_identities.json,retain
configs/experiments/phm2026_sensor_features.yaml,configs/experiments/phm2026_sensor_features.yaml,phm2026,Explicit domain already present; experiment-centric config paths are intentionally stable.,src/pi_multimodal_ad/models/modality_fusion.py;scripts/features/build_sensor_features.py;docs/thesis/RUN_INDEX.md;docs/repository_restructure/baseline/source_identities.json,retain
configs/experiments/phm2026_sensor_features_v3.yaml,configs/experiments/phm2026_sensor_features_v3.yaml,phm2026,Explicit domain already present; experiment-centric config paths are intentionally stable.,docs/repository_restructure/baseline/source_identities.json,retain
configs/experiments/phm2026_target_audit.yaml,configs/experiments/phm2026_target_audit.yaml,phm2026,Explicit domain already present; experiment-centric config paths are intentionally stable.,scripts/targets/audit_target.py;docs/thesis/RUN_INDEX.md;docs/repository_restructure/baseline/source_identities.json,retain
configs/intel_welding/foundations.json,configs/intel_welding/foundations.json,intel_welding,Already explicitly located; preserve implementation and configuration.,scripts/intel_welding/04_foundations.py;docs/intel_welding/FOUNDATION_RUNBOOK.md;docs/repository_restructure/baseline/source_identities.json,retain
configs/phm2026/download_manifest.json,configs/phm2026/download_manifest.json,phm2026,Explicit domain already present; experiment-centric config paths are intentionally stable.,src/pi_multimodal_ad/acquisition/phm_download.py;scripts/thesis/build_final_documentation.py;docs/phm2026/RAW_DATA_RECOVERY.md;docs/thesis/FINAL_THESIS_REPRODUCIBILITY.md;docs/repository_restructure/baseline/source_identities.json,retain
configs/reassemble/additional_improvements/execution.json,configs/reassemble/additional_improvements/execution.json,reassemble,"Independent assembly-failure scientific domain, not recovery tooling; leave source/scripts/configs/tests intact.",src/reassemble/additional_improvements/visual_resume.py;src/reassemble/additional_improvements/finalize.py;src/reassemble/additional_improvements/corruption_resume.py;src/reassemble/additional_improvements/sensor_resume.py;src/reassemble/additional_improvements/common.py;scripts/reassemble/close_additional_improvements.py;scripts/thesis/build_final_documentation.py;docs/thesis/FINAL_THESIS_REPRODUCIBILITY.md;docs/repository_restructure/baseline/source_identities.json,retain
configs/reassemble/audit.json,configs/reassemble/audit.json,reassemble,"Independent assembly-failure scientific domain, not recovery tooling; leave source/scripts/configs/tests intact.",src/reassemble/inventory.py;src/reassemble/audit_report.py;src/reassemble/acquire.py;scripts/reassemble/01_inventory_during_extraction.py;docs/reassemble/PHASE_A_B_RUNBOOK.md;docs/repository_restructure/baseline/source_identities.json,retain
configs/reassemble/completion.json,configs/reassemble/completion.json,reassemble,"Independent assembly-failure scientific domain, not recovery tooling; leave source/scripts/configs/tests intact.",src/reassemble/completion_synthesis.py;src/reassemble/completion_audit.py;src/reassemble/completion_common.py;configs/reassemble/additional_improvements/execution.json;docs/reassemble/AUTONOMOUS_CONTINUATION.md;docs/reassemble/AUTONOMOUS_RUNBOOK.md;docs/repository_restructure/baseline/source_identities.json,retain
configs/reassemble/section1.json,configs/reassemble/section1.json,reassemble,"Independent assembly-failure scientific domain, not recovery tooling; leave source/scripts/configs/tests intact.",src/reassemble/section3_visual.py;src/reassemble/modality_dropout.py;src/reassemble/completion_efficiency.py;src/reassemble/section3_evaluate.py;src/reassemble/section1_models.py;src/reassemble/section3_sensor.py;src/reassemble/section1_features.py;src/reassemble/completion_synthesis.py;src/reassemble/section3_report.py;src/reassemble/completion_audit.py;src/reassemble/section1_report.py;src/reassemble/completion_gates.py;scripts/reassemble/prepare_boundary_visual.py;scripts/reassemble/06_section1_driver.py;scripts/thesis/final_validity_audit/scope_boundary.py;tests/reassemble/test_section1.py;configs/reassemble/section1b.json;configs/reassemble/section2.json;configs/reassemble/additional_improvements/execution.json;docs/reassemble/SECTION_1_PROTOCOL.md;docs/reassemble/CONTINUATION.md;docs/repository_restructure/baseline/source_identities.json,retain
configs/reassemble/section1b.json,configs/reassemble/section1b.json,reassemble,"Independent assembly-failure scientific domain, not recovery tooling; leave source/scripts/configs/tests intact.",src/reassemble/section1b.py;src/reassemble/section1b_report.py;src/reassemble/boundary_visual/runner.py;scripts/reassemble/08_validate_section1b.py;scripts/reassemble/prepare_boundary_visual.py;tests/reassemble/test_section1b.py;configs/reassemble/section2.json;configs/reassemble/additional_improvements/execution.json;docs/reassemble/SECTION_1B_CONTINUATION.md;docs/repository_restructure/baseline/source_identities.json,retain
configs/reassemble/section2.json,configs/reassemble/section2.json,reassemble,"Independent assembly-failure scientific domain, not recovery tooling; leave source/scripts/configs/tests intact.",src/reassemble/section3_visual.py;src/reassemble/modality_dropout.py;src/reassemble/completion_efficiency.py;src/reassemble/section3_evaluate.py;src/reassemble/section3_sensor.py;src/reassemble/section2.py;src/reassemble/section2_report.py;scripts/reassemble/prepare_boundary_visual.py;scripts/reassemble/11_review_section2.py;scripts/reassemble/10_validate_section2.py;scripts/thesis/final_validity_audit/scope_boundary.py;configs/reassemble/additional_improvements/execution.json;docs/reassemble/SECTION_2_PROTOCOL.md;docs/reassemble/SECTION_2_CONTINUATION.md;docs/repository_restructure/baseline/source_identities.json,retain
configs/reassemble/section3_corruptions.json,configs/reassemble/section3_corruptions.json,reassemble,"Independent assembly-failure scientific domain, not recovery tooling; leave source/scripts/configs/tests intact.",src/reassemble/section3_visual.py;src/reassemble/modality_dropout.py;src/reassemble/section3_evaluate.py;src/reassemble/section3_sensor.py;src/reassemble/section3_report.py;src/reassemble/completion_audit.py;scripts/reassemble/22_completion_driver.py;scripts/thesis/build_final_documentation.py;docs/reassemble/SECTION_3_CORRUPTION_PROTOCOL.md;docs/thesis/FINAL_THESIS_REPRODUCIBILITY.md;docs/repository_restructure/baseline/source_identities.json,retain
src/pi_multimodal_ad/__pycache__/cli.cpython-312.pyc,.cache/repository_restructure/20261005T131103Z/src/pi_multimodal_ad/__pycache__/cli.cpython-312.pyc,ops,Preserve ignored generated bytecode outside retired source/script/test locations; no duplicate source implementation.,,cache_relocated
src/pi_multimodal_ad/__pycache__/__init__.cpython-312.pyc,.cache/repository_restructure/20261005T131103Z/src/pi_multimodal_ad/__pycache__/__init__.cpython-312.pyc,ops,Preserve ignored generated bytecode outside retired source/script/test locations; no duplicate source implementation.,,cache_relocated
src/pi_multimodal_ad/evaluation/__pycache__/monotonic.cpython-312.pyc,.cache/repository_restructure/20261005T131103Z/src/pi_multimodal_ad/evaluation/__pycache__/monotonic.cpython-312.pyc,ops,Preserve ignored generated bytecode outside retired source/script/test locations; no duplicate source implementation.,,cache_relocated
src/pi_multimodal_ad/evaluation/__pycache__/sensor_regression.cpython-312.pyc,.cache/repository_restructure/20261005T131103Z/src/pi_multimodal_ad/evaluation/__pycache__/sensor_regression.cpython-312.pyc,ops,Preserve ignored generated bytecode outside retired source/script/test locations; no duplicate source implementation.,,cache_relocated
src/pi_multimodal_ad/evaluation/__pycache__/__init__.cpython-312.pyc,.cache/repository_restructure/20261005T131103Z/src/pi_multimodal_ad/evaluation/__pycache__/__init__.cpython-312.pyc,ops,Preserve ignored generated bytecode outside retired source/script/test locations; no duplicate source implementation.,,cache_relocated
src/pi_multimodal_ad/evaluation/__pycache__/regression.cpython-312.pyc,.cache/repository_restructure/20261005T131103Z/src/pi_multimodal_ad/evaluation/__pycache__/regression.cpython-312.pyc,ops,Preserve ignored generated bytecode outside retired source/script/test locations; no duplicate source implementation.,,cache_relocated
src/pi_multimodal_ad/data_contracts/__pycache__/__init__.cpython-312.pyc,.cache/repository_restructure/20261005T131103Z/src/pi_multimodal_ad/data_contracts/__pycache__/__init__.cpython-312.pyc,ops,Preserve ignored generated bytecode outside retired source/script/test locations; no duplicate source implementation.,,cache_relocated
src/pi_multimodal_ad/data_contracts/__pycache__/validation.cpython-312.pyc,.cache/repository_restructure/20261005T131103Z/src/pi_multimodal_ad/data_contracts/__pycache__/validation.cpython-312.pyc,ops,Preserve ignored generated bytecode outside retired source/script/test locations; no duplicate source implementation.,,cache_relocated
src/pi_multimodal_ad/data_contracts/__pycache__/identifiers.cpython-312.pyc,.cache/repository_restructure/20261005T131103Z/src/pi_multimodal_ad/data_contracts/__pycache__/identifiers.cpython-312.pyc,ops,Preserve ignored generated bytecode outside retired source/script/test locations; no duplicate source implementation.,,cache_relocated
src/pi_multimodal_ad/data_contracts/__pycache__/records.cpython-312.pyc,.cache/repository_restructure/20261005T131103Z/src/pi_multimodal_ad/data_contracts/__pycache__/records.cpython-312.pyc,ops,Preserve ignored generated bytecode outside retired source/script/test locations; no duplicate source implementation.,,cache_relocated
src/pi_multimodal_ad/targets/__pycache__/pseudo_boxes.cpython-312.pyc,.cache/repository_restructure/20261005T131103Z/src/pi_multimodal_ad/targets/__pycache__/pseudo_boxes.cpython-312.pyc,ops,Preserve ignored generated bytecode outside retired source/script/test locations; no duplicate source implementation.,,cache_relocated
src/pi_multimodal_ad/targets/__pycache__/__init__.cpython-312.pyc,.cache/repository_restructure/20261005T131103Z/src/pi_multimodal_ad/targets/__pycache__/__init__.cpython-312.pyc,ops,Preserve ignored generated bytecode outside retired source/script/test locations; no duplicate source implementation.,,cache_relocated
src/pi_multimodal_ad/targets/__pycache__/model_dataset.cpython-312.pyc,.cache/repository_restructure/20261005T131103Z/src/pi_multimodal_ad/targets/__pycache__/model_dataset.cpython-312.pyc,ops,Preserve ignored generated bytecode outside retired source/script/test locations; no duplicate source implementation.,,cache_relocated
src/pi_multimodal_ad/targets/__pycache__/image_damage.cpython-312.pyc,.cache/repository_restructure/20261005T131103Z/src/pi_multimodal_ad/targets/__pycache__/image_damage.cpython-312.pyc,ops,Preserve ignored generated bytecode outside retired source/script/test locations; no duplicate source implementation.,,cache_relocated
src/pi_multimodal_ad/datasets/__pycache__/base.cpython-312.pyc,.cache/repository_restructure/20261005T131103Z/src/pi_multimodal_ad/datasets/__pycache__/base.cpython-312.pyc,ops,Preserve ignored generated bytecode outside retired source/script/test locations; no duplicate source implementation.,,cache_relocated
src/pi_multimodal_ad/datasets/__pycache__/__init__.cpython-312.pyc,.cache/repository_restructure/20261005T131103Z/src/pi_multimodal_ad/datasets/__pycache__/__init__.cpython-312.pyc,ops,Preserve ignored generated bytecode outside retired source/script/test locations; no duplicate source implementation.,,cache_relocated
src/pi_multimodal_ad/datasets/__pycache__/phm2026.cpython-312.pyc,.cache/repository_restructure/20261005T131103Z/src/pi_multimodal_ad/datasets/__pycache__/phm2026.cpython-312.pyc,ops,Preserve ignored generated bytecode outside retired source/script/test locations; no duplicate source implementation.,,cache_relocated
src/pi_multimodal_ad/utils/__pycache__/config.cpython-312.pyc,.cache/repository_restructure/20261005T131103Z/src/pi_multimodal_ad/utils/__pycache__/config.cpython-312.pyc,ops,Preserve ignored generated bytecode outside retired source/script/test locations; no duplicate source implementation.,,cache_relocated
src/pi_multimodal_ad/utils/__pycache__/splitting.cpython-312.pyc,.cache/repository_restructure/20261005T131103Z/src/pi_multimodal_ad/utils/__pycache__/splitting.cpython-312.pyc,ops,Preserve ignored generated bytecode outside retired source/script/test locations; no duplicate source implementation.,,cache_relocated
src/pi_multimodal_ad/utils/__pycache__/artifacts.cpython-312.pyc,.cache/repository_restructure/20261005T131103Z/src/pi_multimodal_ad/utils/__pycache__/artifacts.cpython-312.pyc,ops,Preserve ignored generated bytecode outside retired source/script/test locations; no duplicate source implementation.,,cache_relocated
src/pi_multimodal_ad/utils/__pycache__/provenance.cpython-312.pyc,.cache/repository_restructure/20261005T131103Z/src/pi_multimodal_ad/utils/__pycache__/provenance.cpython-312.pyc,ops,Preserve ignored generated bytecode outside retired source/script/test locations; no duplicate source implementation.,,cache_relocated
src/pi_multimodal_ad/utils/__pycache__/__init__.cpython-312.pyc,.cache/repository_restructure/20261005T131103Z/src/pi_multimodal_ad/utils/__pycache__/__init__.cpython-312.pyc,ops,Preserve ignored generated bytecode outside retired source/script/test locations; no duplicate source implementation.,,cache_relocated
src/pi_multimodal_ad/utils/__pycache__/seeding.cpython-312.pyc,.cache/repository_restructure/20261005T131103Z/src/pi_multimodal_ad/utils/__pycache__/seeding.cpython-312.pyc,ops,Preserve ignored generated bytecode outside retired source/script/test locations; no duplicate source implementation.,,cache_relocated
src/pi_multimodal_ad/models/__pycache__/late_fusion.cpython-312.pyc,.cache/repository_restructure/20261005T131103Z/src/pi_multimodal_ad/models/__pycache__/late_fusion.cpython-312.pyc,ops,Preserve ignored generated bytecode outside retired source/script/test locations; no duplicate source implementation.,,cache_relocated
src/pi_multimodal_ad/models/__pycache__/patchtst_regression.cpython-312.pyc,.cache/repository_restructure/20261005T131103Z/src/pi_multimodal_ad/models/__pycache__/patchtst_regression.cpython-312.pyc,ops,Preserve ignored generated bytecode outside retired source/script/test locations; no duplicate source implementation.,,cache_relocated
src/pi_multimodal_ad/models/__pycache__/patchtst.cpython-312.pyc,.cache/repository_restructure/20261005T131103Z/src/pi_multimodal_ad/models/__pycache__/patchtst.cpython-312.pyc,ops,Preserve ignored generated bytecode outside retired source/script/test locations; no duplicate source implementation.,,cache_relocated
src/pi_multimodal_ad/models/__pycache__/rtdetr_multitask.cpython-312.pyc,.cache/repository_restructure/20261005T131103Z/src/pi_multimodal_ad/models/__pycache__/rtdetr_multitask.cpython-312.pyc,ops,Preserve ignored generated bytecode outside retired source/script/test locations; no duplicate source implementation.,,cache_relocated
src/pi_multimodal_ad/models/__pycache__/rtdetr_regression.cpython-312.pyc,.cache/repository_restructure/20261005T131103Z/src/pi_multimodal_ad/models/__pycache__/rtdetr_regression.cpython-312.pyc,ops,Preserve ignored generated bytecode outside retired source/script/test locations; no duplicate source implementation.,,cache_relocated
src/pi_multimodal_ad/models/__pycache__/rtdetr_detection.cpython-312.pyc,.cache/repository_restructure/20261005T131103Z/src/pi_multimodal_ad/models/__pycache__/rtdetr_detection.cpython-312.pyc,ops,Preserve ignored generated bytecode outside retired source/script/test locations; no duplicate source implementation.,,cache_relocated
src/pi_multimodal_ad/models/__pycache__/__init__.cpython-312.pyc,.cache/repository_restructure/20261005T131103Z/src/pi_multimodal_ad/models/__pycache__/__init__.cpython-312.pyc,ops,Preserve ignored generated bytecode outside retired source/script/test locations; no duplicate source implementation.,,cache_relocated
src/pi_multimodal_ad/models/__pycache__/modality_fusion.cpython-312.pyc,.cache/repository_restructure/20261005T131103Z/src/pi_multimodal_ad/models/__pycache__/modality_fusion.cpython-312.pyc,ops,Preserve ignored generated bytecode outside retired source/script/test locations; no duplicate source implementation.,,cache_relocated
src/pi_multimodal_ad/models/__pycache__/rtdetr_feasibility.cpython-312.pyc,.cache/repository_restructure/20261005T131103Z/src/pi_multimodal_ad/models/__pycache__/rtdetr_feasibility.cpython-312.pyc,ops,Preserve ignored generated bytecode outside retired source/script/test locations; no duplicate source implementation.,,cache_relocated
src/pi_multimodal_ad/profiling/__pycache__/archive_io.cpython-312.pyc,.cache/repository_restructure/20261005T131103Z/src/pi_multimodal_ad/profiling/__pycache__/archive_io.cpython-312.pyc,ops,Preserve ignored generated bytecode outside retired source/script/test locations; no duplicate source implementation.,,cache_relocated
src/pi_multimodal_ad/profiling/__pycache__/alignment_pipeline.cpython-312.pyc,.cache/repository_restructure/20261005T131103Z/src/pi_multimodal_ad/profiling/__pycache__/alignment_pipeline.cpython-312.pyc,ops,Preserve ignored generated bytecode outside retired source/script/test locations; no duplicate source implementation.,,cache_relocated
src/pi_multimodal_ad/profiling/__pycache__/alignment_artifacts.cpython-312.pyc,.cache/repository_restructure/20261005T131103Z/src/pi_multimodal_ad/profiling/__pycache__/alignment_artifacts.cpython-312.pyc,ops,Preserve ignored generated bytecode outside retired source/script/test locations; no duplicate source implementation.,,cache_relocated
src/pi_multimodal_ad/profiling/__pycache__/__init__.cpython-312.pyc,.cache/repository_restructure/20261005T131103Z/src/pi_multimodal_ad/profiling/__pycache__/__init__.cpython-312.pyc,ops,Preserve ignored generated bytecode outside retired source/script/test locations; no duplicate source implementation.,,cache_relocated
src/pi_multimodal_ad/profiling/__pycache__/dataset_description.cpython-312.pyc,.cache/repository_restructure/20261005T131103Z/src/pi_multimodal_ad/profiling/__pycache__/dataset_description.cpython-312.pyc,ops,Preserve ignored generated bytecode outside retired source/script/test locations; no duplicate source implementation.,,cache_relocated
src/pi_multimodal_ad/profiling/__pycache__/assets.cpython-312.pyc,.cache/repository_restructure/20261005T131103Z/src/pi_multimodal_ad/profiling/__pycache__/assets.cpython-312.pyc,ops,Preserve ignored generated bytecode outside retired source/script/test locations; no duplicate source implementation.,,cache_relocated
src/pi_multimodal_ad/profiling/__pycache__/images.cpython-312.pyc,.cache/repository_restructure/20261005T131103Z/src/pi_multimodal_ad/profiling/__pycache__/images.cpython-312.pyc,ops,Preserve ignored generated bytecode outside retired source/script/test locations; no duplicate source implementation.,,cache_relocated
src/pi_multimodal_ad/profiling/__pycache__/alignment.cpython-312.pyc,.cache/repository_restructure/20261005T131103Z/src/pi_multimodal_ad/profiling/__pycache__/alignment.cpython-312.pyc,ops,Preserve ignored generated bytecode outside retired source/script/test locations; no duplicate source implementation.,,cache_relocated
src/pi_multimodal_ad/profiling/__pycache__/sensors.cpython-312.pyc,.cache/repository_restructure/20261005T131103Z/src/pi_multimodal_ad/profiling/__pycache__/sensors.cpython-312.pyc,ops,Preserve ignored generated bytecode outside retired source/script/test locations; no duplicate source implementation.,,cache_relocated
src/pi_multimodal_ad/features/__pycache__/__init__.cpython-312.pyc,.cache/repository_restructure/20261005T131103Z/src/pi_multimodal_ad/features/__pycache__/__init__.cpython-312.pyc,ops,Preserve ignored generated bytecode outside retired source/script/test locations; no duplicate source implementation.,,cache_relocated
src/pi_multimodal_ad/features/__pycache__/sensor_minutes.cpython-312.pyc,.cache/repository_restructure/20261005T131103Z/src/pi_multimodal_ad/features/__pycache__/sensor_minutes.cpython-312.pyc,ops,Preserve ignored generated bytecode outside retired source/script/test locations; no duplicate source implementation.,,cache_relocated
src/pi_multimodal_ad/features/__pycache__/sensor_feature_run.cpython-312.pyc,.cache/repository_restructure/20261005T131103Z/src/pi_multimodal_ad/features/__pycache__/sensor_feature_run.cpython-312.pyc,ops,Preserve ignored generated bytecode outside retired source/script/test locations; no duplicate source implementation.,,cache_relocated
src/pi_multimodal_ad/preprocessing/__pycache__/timeseries.cpython-312.pyc,.cache/repository_restructure/20261005T131103Z/src/pi_multimodal_ad/preprocessing/__pycache__/timeseries.cpython-312.pyc,ops,Preserve ignored generated bytecode outside retired source/script/test locations; no duplicate source implementation.,,cache_relocated
src/pi_multimodal_ad/preprocessing/__pycache__/__init__.cpython-312.pyc,.cache/repository_restructure/20261005T131103Z/src/pi_multimodal_ad/preprocessing/__pycache__/__init__.cpython-312.pyc,ops,Preserve ignored generated bytecode outside retired source/script/test locations; no duplicate source implementation.,,cache_relocated
src/pi_multimodal_ad/reporting/__pycache__/patchtst_results.cpython-312.pyc,.cache/repository_restructure/20261005T131103Z/src/pi_multimodal_ad/reporting/__pycache__/patchtst_results.cpython-312.pyc,ops,Preserve ignored generated bytecode outside retired source/script/test locations; no duplicate source implementation.,,cache_relocated
src/pi_multimodal_ad/reporting/__pycache__/common.cpython-312.pyc,.cache/repository_restructure/20261005T131103Z/src/pi_multimodal_ad/reporting/__pycache__/common.cpython-312.pyc,ops,Preserve ignored generated bytecode outside retired source/script/test locations; no duplicate source implementation.,,cache_relocated
src/pi_multimodal_ad/reporting/__pycache__/target_audit.cpython-312.pyc,.cache/repository_restructure/20261005T131103Z/src/pi_multimodal_ad/reporting/__pycache__/target_audit.cpython-312.pyc,ops,Preserve ignored generated bytecode outside retired source/script/test locations; no duplicate source implementation.,,cache_relocated
src/pi_multimodal_ad/reporting/__pycache__/__init__.cpython-312.pyc,.cache/repository_restructure/20261005T131103Z/src/pi_multimodal_ad/reporting/__pycache__/__init__.cpython-312.pyc,ops,Preserve ignored generated bytecode outside retired source/script/test locations; no duplicate source implementation.,,cache_relocated
src/pi_multimodal_ad/reporting/__pycache__/dataset_evidence.cpython-312.pyc,.cache/repository_restructure/20261005T131103Z/src/pi_multimodal_ad/reporting/__pycache__/dataset_evidence.cpython-312.pyc,ops,Preserve ignored generated bytecode outside retired source/script/test locations; no duplicate source implementation.,,cache_relocated
scripts/targets/__pycache__/score_blind_inspection.cpython-312.pyc,.cache/repository_restructure/20261005T131103Z/scripts/targets/__pycache__/score_blind_inspection.cpython-312.pyc,ops,Preserve ignored generated bytecode outside retired source/script/test locations; no duplicate source implementation.,,cache_relocated
scripts/targets/__pycache__/analyze_tooth_profiles.cpython-312.pyc,.cache/repository_restructure/20261005T131103Z/scripts/targets/__pycache__/analyze_tooth_profiles.cpython-312.pyc,ops,Preserve ignored generated bytecode outside retired source/script/test locations; no duplicate source implementation.,,cache_relocated
scripts/training/__pycache__/train_late_fusion.cpython-312.pyc,.cache/repository_restructure/20261005T131103Z/scripts/training/__pycache__/train_late_fusion.cpython-312.pyc,ops,Preserve ignored generated bytecode outside retired source/script/test locations; no duplicate source implementation.,,cache_relocated
scripts/results/__pycache__/anomalydino_validated.cpython-312.pyc,.cache/repository_restructure/20261005T131103Z/scripts/results/__pycache__/anomalydino_validated.cpython-312.pyc,ops,Preserve ignored generated bytecode outside retired source/script/test locations; no duplicate source implementation.,,cache_relocated
scripts/results/__pycache__/closing_task_c.cpython-312.pyc,.cache/repository_restructure/20261005T131103Z/scripts/results/__pycache__/closing_task_c.cpython-312.pyc,ops,Preserve ignored generated bytecode outside retired source/script/test locations; no duplicate source implementation.,,cache_relocated
tests/unit/__pycache__/conftest.cpython-312-pytest-9.1.1.pyc,.cache/repository_restructure/20261005T131103Z/tests/unit/__pycache__/conftest.cpython-312-pytest-9.1.1.pyc,ops,Preserve ignored generated bytecode outside retired source/script/test locations; no duplicate source implementation.,,cache_relocated
tests/unit/__pycache__/test_sensor_profile.cpython-312-pytest-9.1.1.pyc,.cache/repository_restructure/20261005T131103Z/tests/unit/__pycache__/test_sensor_profile.cpython-312-pytest-9.1.1.pyc,ops,Preserve ignored generated bytecode outside retired source/script/test locations; no duplicate source implementation.,,cache_relocated
tests/unit/__pycache__/test_pinned_artifacts.cpython-312-pytest-9.1.1.pyc,.cache/repository_restructure/20261005T131103Z/tests/unit/__pycache__/test_pinned_artifacts.cpython-312-pytest-9.1.1.pyc,ops,Preserve ignored generated bytecode outside retired source/script/test locations; no duplicate source implementation.,,cache_relocated
tests/unit/__pycache__/test_rtdetr_multitask.cpython-312-pytest-9.1.1.pyc,.cache/repository_restructure/20261005T131103Z/tests/unit/__pycache__/test_rtdetr_multitask.cpython-312-pytest-9.1.1.pyc,ops,Preserve ignored generated bytecode outside retired source/script/test locations; no duplicate source implementation.,,cache_relocated
tests/unit/__pycache__/test_image_profile.cpython-312-pytest-9.1.1.pyc,.cache/repository_restructure/20261005T131103Z/tests/unit/__pycache__/test_image_profile.cpython-312-pytest-9.1.1.pyc,ops,Preserve ignored generated bytecode outside retired source/script/test locations; no duplicate source implementation.,,cache_relocated
tests/unit/__pycache__/test_regression_evaluation.cpython-312-pytest-9.1.1.pyc,.cache/repository_restructure/20261005T131103Z/tests/unit/__pycache__/test_regression_evaluation.cpython-312-pytest-9.1.1.pyc,ops,Preserve ignored generated bytecode outside retired source/script/test locations; no duplicate source implementation.,,cache_relocated
tests/unit/__pycache__/test_ops_scripts.cpython-312-pytest-9.1.1.pyc,.cache/repository_restructure/20261005T131103Z/tests/unit/__pycache__/test_ops_scripts.cpython-312-pytest-9.1.1.pyc,ops,Preserve ignored generated bytecode outside retired source/script/test locations; no duplicate source implementation.,,cache_relocated
tests/unit/__pycache__/test_rtdetr_feasibility.cpython-312-pytest-9.1.1.pyc,.cache/repository_restructure/20261005T131103Z/tests/unit/__pycache__/test_rtdetr_feasibility.cpython-312-pytest-9.1.1.pyc,ops,Preserve ignored generated bytecode outside retired source/script/test locations; no duplicate source implementation.,,cache_relocated
tests/unit/__pycache__/test_sensor_minute_features.cpython-312-pytest-9.1.1.pyc,.cache/repository_restructure/20261005T131103Z/tests/unit/__pycache__/test_sensor_minute_features.cpython-312-pytest-9.1.1.pyc,ops,Preserve ignored generated bytecode outside retired source/script/test locations; no duplicate source implementation.,,cache_relocated
tests/unit/__pycache__/test_target_definition_v3.cpython-312-pytest-9.1.1.pyc,.cache/repository_restructure/20261005T131103Z/tests/unit/__pycache__/test_target_definition_v3.cpython-312-pytest-9.1.1.pyc,ops,Preserve ignored generated bytecode outside retired source/script/test locations; no duplicate source implementation.,,cache_relocated
tests/unit/__pycache__/test_pseudo_boxes.cpython-312-pytest-9.1.1.pyc,.cache/repository_restructure/20261005T131103Z/tests/unit/__pycache__/test_pseudo_boxes.cpython-312-pytest-9.1.1.pyc,ops,Preserve ignored generated bytecode outside retired source/script/test locations; no duplicate source implementation.,,cache_relocated
tests/unit/__pycache__/test_image_damage_target.cpython-312-pytest-9.1.1.pyc,.cache/repository_restructure/20261005T131103Z/tests/unit/__pycache__/test_image_damage_target.cpython-312-pytest-9.1.1.pyc,ops,Preserve ignored generated bytecode outside retired source/script/test locations; no duplicate source implementation.,,cache_relocated
tests/unit/__pycache__/test_dataset_description.cpython-312-pytest-9.1.1.pyc,.cache/repository_restructure/20261005T131103Z/tests/unit/__pycache__/test_dataset_description.cpython-312-pytest-9.1.1.pyc,ops,Preserve ignored generated bytecode outside retired source/script/test locations; no duplicate source implementation.,,cache_relocated
tests/unit/__pycache__/test_target_audit.cpython-312-pytest-9.1.1.pyc,.cache/repository_restructure/20261005T131103Z/tests/unit/__pycache__/test_target_audit.cpython-312-pytest-9.1.1.pyc,ops,Preserve ignored generated bytecode outside retired source/script/test locations; no duplicate source implementation.,,cache_relocated
tests/unit/__pycache__/test_meeting_evidence.cpython-312-pytest-9.1.1.pyc,.cache/repository_restructure/20261005T131103Z/tests/unit/__pycache__/test_meeting_evidence.cpython-312-pytest-9.1.1.pyc,ops,Preserve ignored generated bytecode outside retired source/script/test locations; no duplicate source implementation.,,cache_relocated
tests/unit/__pycache__/test_archive_io.cpython-312-pytest-9.1.1.pyc,.cache/repository_restructure/20261005T131103Z/tests/unit/__pycache__/test_archive_io.cpython-312-pytest-9.1.1.pyc,ops,Preserve ignored generated bytecode outside retired source/script/test locations; no duplicate source implementation.,,cache_relocated
tests/unit/__pycache__/test_sensor_regression_evaluation.cpython-312-pytest-9.1.1.pyc,.cache/repository_restructure/20261005T131103Z/tests/unit/__pycache__/test_sensor_regression_evaluation.cpython-312-pytest-9.1.1.pyc,ops,Preserve ignored generated bytecode outside retired source/script/test locations; no duplicate source implementation.,,cache_relocated
tests/unit/__pycache__/test_data_contracts.cpython-312-pytest-9.1.1.pyc,.cache/repository_restructure/20261005T131103Z/tests/unit/__pycache__/test_data_contracts.cpython-312-pytest-9.1.1.pyc,ops,Preserve ignored generated bytecode outside retired source/script/test locations; no duplicate source implementation.,,cache_relocated
tests/unit/__pycache__/test_alignment_pipeline.cpython-312-pytest-9.1.1.pyc,.cache/repository_restructure/20261005T131103Z/tests/unit/__pycache__/test_alignment_pipeline.cpython-312-pytest-9.1.1.pyc,ops,Preserve ignored generated bytecode outside retired source/script/test locations; no duplicate source implementation.,,cache_relocated
tests/unit/__pycache__/test_phm2026_adapter.cpython-312-pytest-9.1.1.pyc,.cache/repository_restructure/20261005T131103Z/tests/unit/__pycache__/test_phm2026_adapter.cpython-312-pytest-9.1.1.pyc,ops,Preserve ignored generated bytecode outside retired source/script/test locations; no duplicate source implementation.,,cache_relocated
tests/unit/__pycache__/test_model_dataset.cpython-312-pytest-9.1.1.pyc,.cache/repository_restructure/20261005T131103Z/tests/unit/__pycache__/test_model_dataset.cpython-312-pytest-9.1.1.pyc,ops,Preserve ignored generated bytecode outside retired source/script/test locations; no duplicate source implementation.,,cache_relocated
tests/unit/__pycache__/test_late_fusion.cpython-312-pytest-9.1.1.pyc,.cache/repository_restructure/20261005T131103Z/tests/unit/__pycache__/test_late_fusion.cpython-312-pytest-9.1.1.pyc,ops,Preserve ignored generated bytecode outside retired source/script/test locations; no duplicate source implementation.,,cache_relocated
tests/unit/__pycache__/test_patchtst.cpython-312-pytest-9.1.1.pyc,.cache/repository_restructure/20261005T131103Z/tests/unit/__pycache__/test_patchtst.cpython-312-pytest-9.1.1.pyc,ops,Preserve ignored generated bytecode outside retired source/script/test locations; no duplicate source implementation.,,cache_relocated
tests/unit/__pycache__/test_alignment.cpython-312-pytest-9.1.1.pyc,.cache/repository_restructure/20261005T131103Z/tests/unit/__pycache__/test_alignment.cpython-312-pytest-9.1.1.pyc,ops,Preserve ignored generated bytecode outside retired source/script/test locations; no duplicate source implementation.,,cache_relocated
tests/unit/__pycache__/test_monotonic.cpython-312-pytest-9.1.1.pyc,.cache/repository_restructure/20261005T131103Z/tests/unit/__pycache__/test_monotonic.cpython-312-pytest-9.1.1.pyc,ops,Preserve ignored generated bytecode outside retired source/script/test locations; no duplicate source implementation.,,cache_relocated
tests/unit/__pycache__/test_asset_inventory.cpython-312-pytest-9.1.1.pyc,.cache/repository_restructure/20261005T131103Z/tests/unit/__pycache__/test_asset_inventory.cpython-312-pytest-9.1.1.pyc,ops,Preserve ignored generated bytecode outside retired source/script/test locations; no duplicate source implementation.,,cache_relocated
tests/unit/__pycache__/test_timeseries_preprocessing.cpython-312-pytest-9.1.1.pyc,.cache/repository_restructure/20261005T131103Z/tests/unit/__pycache__/test_timeseries_preprocessing.cpython-312-pytest-9.1.1.pyc,ops,Preserve ignored generated bytecode outside retired source/script/test locations; no duplicate source implementation.,,cache_relocated
tests/unit/__pycache__/test_rtdetr_detection.cpython-312-pytest-9.1.1.pyc,.cache/repository_restructure/20261005T131103Z/tests/unit/__pycache__/test_rtdetr_detection.cpython-312-pytest-9.1.1.pyc,ops,Preserve ignored generated bytecode outside retired source/script/test locations; no duplicate source implementation.,,cache_relocated
tests/unit/__pycache__/test_rtdetr_regression.cpython-312-pytest-9.1.1.pyc,.cache/repository_restructure/20261005T131103Z/tests/unit/__pycache__/test_rtdetr_regression.cpython-312-pytest-9.1.1.pyc,ops,Preserve ignored generated bytecode outside retired source/script/test locations; no duplicate source implementation.,,cache_relocated
tests/unit/__pycache__/test_run_infrastructure.cpython-312-pytest-9.1.1.pyc,.cache/repository_restructure/20261005T131103Z/tests/unit/__pycache__/test_run_infrastructure.cpython-312-pytest-9.1.1.pyc,ops,Preserve ignored generated bytecode outside retired source/script/test locations; no duplicate source implementation.,,cache_relocated
