condition,contrast,metric,estimate,lower_95,upper_95,type
clean,F5-F2,AUROC,-0.01898138896529955,-0.02885899413570009,-0.00949835113611479,absolute performance
clean,F5-F2,AUPRC,-0.002749257425652407,-0.022816055288218333,0.017070853655914077,absolute performance
clean,F5-F2,balanced_accuracy,-0.011626338930829205,-0.02482476183294123,0.0012473616958129888,absolute performance
clean,F5-F2,macro_F1,-0.013431624215322957,-0.023466665592355496,-0.002879790614844982,absolute performance
clean,F5-F2,failure_recall,-0.00982318271119842,-0.03516754850088182,0.014958869814019967,absolute performance
clean,F5-F2,failure_precision,-0.017332962466600932,-0.03004430639257536,-0.004177486741613724,absolute performance
clean,F5-F2,Brier,0.0021971448111928332,0.0005674353177464231,0.003869069027420237,absolute performance
clean,F5-F2,ECE,-0.0012430056386212897,-0.010667285362471515,0.007893995509505062,absolute performance
clean,F6-F2,AUROC,-0.01944506468740481,-0.028800779228548738,-0.01023893669396872,absolute performance
clean,F6-F2,AUPRC,-0.00594266081022099,-0.024795788360732568,0.013694501544008267,absolute performance
clean,F6-F2,balanced_accuracy,-0.009822938414189908,-0.02244995836165154,0.0029944821989831664,absolute performance
clean,F6-F2,macro_F1,0.004421542932164568,-0.005595439670858754,0.014502436394791799,absolute performance
clean,F6-F2,failure_recall,-0.03929273084479368,-0.06491533195903545,-0.012241194865042847,absolute performance
clean,F6-F2,failure_precision,0.009223456682121711,-0.004012548383901607,0.022791560853549275,absolute performance
clean,F6-F2,Brier,0.0022679135799594102,0.0006611571303535485,0.003940101689015387,absolute performance
clean,F6-F2,ECE,-0.0014384498906209638,-0.010233610325894272,0.0073913024561899215,absolute performance
clean,F2-U1,AUROC,0.015643803235371734,0.0060298898814573594,0.025465087523214653,absolute performance
clean,F2-U1,AUPRC,0.017906682072462488,0.008602699847244984,0.028284279537387044,absolute performance
clean,F2-U1,balanced_accuracy,0.006117929983500137,-0.005380893960465175,0.01654762233896587,absolute performance
clean,F2-U1,macro_F1,0.011668499611279581,0.0025702320897178416,0.0200974752183828,absolute performance
clean,F2-U1,failure_recall,-0.003929273084479434,-0.025544060663006612,0.016304347826086918,absolute performance
clean,F2-U1,failure_precision,0.015517012558270704,0.003905236769416233,0.02645752545382153,absolute performance
clean,F2-U1,Brier,-0.002005135494394336,-0.0030985088223448583,-0.0009078408941700892,absolute performance
clean,F2-U1,ECE,-0.003583689376479184,-0.012699533575075753,0.009897112339973318,absolute performance
V1_0.02,F5-F2,AUROC,-0.055871703028647746,-0.07936174737364196,-0.03367445852822774,absolute performance
V1_0.02,F5-F2,AUPRC,-0.21973270181277987,-0.2619537321565744,-0.1769983324848405,absolute performance
V1_0.02,F5-F2,balanced_accuracy,0.12589186730372803,0.10288321273400247,0.14805594993299465,absolute performance
V1_0.02,F5-F2,macro_F1,0.34476261203872327,0.3254692754399169,0.36470804577732907,absolute performance
V1_0.02,F5-F2,failure_recall,-0.2239685658153242,-0.270956095710013,-0.17953544203544203,absolute performance
V1_0.02,F5-F2,failure_precision,0.04602673118899844,0.03686831042641351,0.055986669114650806,absolute performance
V1_0.02,F5-F2,Brier,-0.13205877714868322,-0.147838549408927,-0.1175943812757785,absolute performance
V1_0.02,F5-F2,ECE,-0.2827564785143064,-0.29765424753730624,-0.2672170898482116,absolute performance
V1_0.02,F6-F2,AUROC,-0.06830348919645335,-0.09303646082278391,-0.044589108326974186,absolute performance
V1_0.02,F6-F2,AUPRC,-0.23051739789095627,-0.2730263234279992,-0.18772757500080112,absolute performance
V1_0.02,F6-F2,balanced_accuracy,0.11598147056050034,0.09365971701588564,0.137796654757056,absolute performance
V1_0.02,F6-F2,macro_F1,0.33497521008040987,0.31647843534204795,0.3546729648288659,absolute performance
V1_0.02,F6-F2,failure_recall,-0.2298624754420432,-0.2770659978743812,-0.18432050896255567,absolute performance
V1_0.02,F6-F2,failure_precision,0.04153464576297558,0.03345318283592363,0.05039126398174002,absolute performance
V1_0.02,F6-F2,Brier,-0.1225788003898893,-0.13813239170072594,-0.10839770488927601,absolute performance
V1_0.02,F6-F2,ECE,-0.26623992668597574,-0.2812902548616771,-0.2507952896826383,absolute performance
V1_0.02,F2-U1,AUROC,-0.038190951336524614,-0.05886462263314376,-0.018492383877008897,absolute performance
V1_0.02,F2-U1,AUPRC,-0.017563417485342625,-0.035380108315550905,0.0002242133602629782,absolute performance
V1_0.02,F2-U1,balanced_accuracy,-0.2037600729764023,-0.22657580234892094,-0.18121437314228717,absolute performance
V1_0.02,F2-U1,macro_F1,-0.5173016644851988,-0.5337592302957145,-0.5020213083124406,absolute performance
V1_0.02,F2-U1,failure_recall,0.38506876227897835,0.3378093794225998,0.43392692307692304,absolute performance
V1_0.02,F2-U1,failure_precision,-0.16376644009563726,-0.18485454048131808,-0.14492380131109817,absolute performance
V1_0.02,F2-U1,Brier,0.19752876823957896,0.17799466489804497,0.21818039781720888,absolute performance
V1_0.02,F2-U1,ECE,0.4052741274310012,0.377701592505116,0.4282791947993951,absolute performance
V1_0.02,F5-F2,AUROC,-0.036890314063348195,-0.06139938047552321,-0.013910064376871905,degradation advantage
V1_0.02,F5-F2,AUPRC,-0.21698344438712747,-0.2605529101570395,-0.17371302449063292,degradation advantage
V1_0.02,F5-F2,balanced_accuracy,0.13751820623455724,0.11318856600082623,0.16206301309794507,degradation advantage
V1_0.02,F5-F2,macro_F1,0.3581942362540462,0.33747599056818406,0.37940982643876264,degradation advantage
V1_0.02,F5-F2,failure_recall,-0.21414538310412579,-0.2632706245526128,-0.1651944955305591,degradation advantage
V1_0.02,F5-F2,failure_precision,0.06335969365559938,0.048385725480503,0.0786162861742942,degradation advantage
V1_0.02,F5-F2,Brier,-0.13425592195987604,-0.14997663851753779,-0.11982655614436982,degradation advantage
V1_0.02,F5-F2,ECE,-0.28151347287568507,-0.2991443387029655,-0.2638414133579033,degradation advantage
V1_0.02,F6-F2,AUROC,-0.04885842450904854,-0.07493342804976959,-0.02501571275927797,degradation advantage
V1_0.02,F6-F2,AUPRC,-0.22457473708073528,-0.2682911520493668,-0.18071077093223625,degradation advantage
V1_0.02,F6-F2,balanced_accuracy,0.12580440897469025,0.10129634366255413,0.14993496981848836,degradation advantage
V1_0.02,F6-F2,macro_F1,0.3305536671482453,0.3108409144928035,0.3499607006345003,degradation advantage
V1_0.02,F6-F2,failure_recall,-0.1905697445972495,-0.24126438290489013,-0.1422719100636832,degradation advantage
V1_0.02,F6-F2,failure_precision,0.03231118908085387,0.018192228205514176,0.047355435105592626,degradation advantage
V1_0.02,F6-F2,Brier,-0.1248467139698487,-0.1401233402467978,-0.11053874772514762,degradation advantage
V1_0.02,F6-F2,ECE,-0.2648014767953548,-0.2817081520891651,-0.24754395907360005,degradation advantage
V1_0.02,F2-U1,AUROC,-0.05383475457189635,-0.07421789401418478,-0.03369979883234079,degradation advantage
V1_0.02,F2-U1,AUPRC,-0.03547009955780511,-0.054594772975156636,-0.016396560580906924,degradation advantage
V1_0.02,F2-U1,balanced_accuracy,-0.20987800295990244,-0.23239297506365397,-0.18574893182989038,degradation advantage
V1_0.02,F2-U1,macro_F1,-0.5289701640964783,-0.5455733618152655,-0.5122881175351008,degradation advantage
V1_0.02,F2-U1,failure_recall,0.3889980353634578,0.34184675834970535,0.4397484933285377,degradation advantage
V1_0.02,F2-U1,failure_precision,-0.17928345265390797,-0.20291567526088092,-0.15707667597571492,degradation advantage
V1_0.02,F2-U1,Brier,0.19953390373397328,0.18008047003969985,0.22007723700313558,degradation advantage
V1_0.02,F2-U1,ECE,0.4088578168074804,0.37867591001145046,0.42934317764973345,degradation advantage
V1_0.05,F5-F2,AUROC,-0.1184127143889473,-0.1526754454508983,-0.08513683564729843,absolute performance
V1_0.05,F5-F2,AUPRC,-0.26303705424723667,-0.30915246795060236,-0.21757054636927733,absolute performance
V1_0.05,F5-F2,balanced_accuracy,0.10057463542335943,0.0748197414843984,0.1245006256058607,absolute performance
V1_0.05,F5-F2,macro_F1,0.30843644681346666,0.2721818412100354,0.3450865331774848,absolute performance
V1_0.05,F5-F2,failure_recall,-0.212180746561886,-0.2632718675548209,-0.15801310907849353,absolute performance
V1_0.05,F5-F2,failure_precision,0.03298355314574755,0.023201534145284915,0.044550333666696224,absolute performance
V1_0.05,F5-F2,Brier,-0.03963404438505319,-0.07183193908154076,-0.00698336936552976,absolute performance
V1_0.05,F5-F2,ECE,-0.18718630424042337,-0.22713399615626836,-0.14431807027105298,absolute performance
V1_0.05,F6-F2,AUROC,-0.12591556411355131,-0.16024141558229635,-0.09494759322126377,absolute performance
V1_0.05,F6-F2,AUPRC,-0.2666817234515662,-0.3135155652599913,-0.22146151349182022,absolute performance
V1_0.05,F6-F2,balanced_accuracy,0.08883640846264373,0.06195311890102113,0.11352374515125782,absolute performance
V1_0.05,F6-F2,macro_F1,0.2989777524913053,0.26517821001797715,0.33225060774942516,absolute performance
V1_0.05,F6-F2,failure_recall,-0.2239685658153242,-0.273973821479062,-0.17291236804222657,absolute performance
V1_0.05,F6-F2,failure_precision,0.028710168447337953,0.01933586035378011,0.03925164908553218,absolute performance
V1_0.05,F6-F2,Brier,-0.056588001672440935,-0.08248313046565807,-0.029306564768970804,absolute performance
V1_0.05,F6-F2,ECE,-0.19741858556016256,-0.22940637507545694,-0.16288219796226935,absolute performance
V1_0.05,F2-U1,AUROC,-0.04368958840351422,-0.06397506584204497,-0.02420841249119061,absolute performance
V1_0.05,F2-U1,AUPRC,-0.02183914959659944,-0.03852569787919322,-0.004428531093854556,absolute performance
V1_0.05,F2-U1,balanced_accuracy,-0.2053765862815503,-0.22830839463005131,-0.18287134847886538,absolute performance
V1_0.05,F2-U1,macro_F1,-0.5207825547373924,-0.5375041156488541,-0.5053551531584234,absolute performance
V1_0.05,F2-U1,failure_recall,0.38506876227897835,0.3378093794225998,0.43392692307692304,absolute performance
V1_0.05,F2-U1,failure_precision,-0.16409010600706717,-0.18525099730392217,-0.14538909837427777,absolute performance
V1_0.05,F2-U1,Brier,0.24346621766113805,0.22187820105055064,0.2660296390104024,absolute performance
V1_0.05,F2-U1,ECE,0.4578122552895337,0.4309488395514102,0.48000080183881927,absolute performance
V1_0.05,F5-F2,AUROC,-0.09943132542364774,-0.13501346744803527,-0.06348113846948686,degradation advantage
V1_0.05,F5-F2,AUPRC,-0.26028779682158426,-0.3051201262354143,-0.21518216812840538,degradation advantage
V1_0.05,F5-F2,balanced_accuracy,0.11220097435418863,0.08478920658833235,0.13848862524541095,degradation advantage
V1_0.05,F5-F2,macro_F1,0.3218680710287896,0.28413829897749754,0.3581348355228455,degradation advantage
V1_0.05,F5-F2,failure_recall,-0.2023575638506876,-0.25550423543157585,-0.14917047843402392,degradation advantage
V1_0.05,F5-F2,failure_precision,0.050316515612348484,0.03473205066224602,0.06678456444232803,degradation advantage
V1_0.05,F5-F2,Brier,-0.04183118919624601,-0.0742991918113599,-0.009151513768441671,degradation advantage
V1_0.05,F5-F2,ECE,-0.1859432986018021,-0.22759036461122464,-0.14222532543185665,degradation advantage
V1_0.05,F6-F2,AUROC,-0.1064704994261465,-0.1422560230629928,-0.0733575477254593,degradation advantage
V1_0.05,F6-F2,AUPRC,-0.2607390626413452,-0.30573451058616047,-0.21611734902593527,degradation advantage
V1_0.05,F6-F2,balanced_accuracy,0.09865934687683364,0.07126708875766354,0.125842822602185,degradation advantage
V1_0.05,F6-F2,macro_F1,0.29455620955914075,0.2602471805899247,0.3268107804051783,degradation advantage
V1_0.05,F6-F2,failure_recall,-0.18467583497053053,-0.23590443227730387,-0.1368204409501324,degradation advantage
V1_0.05,F6-F2,failure_precision,0.01948671176521624,0.005225682377035852,0.034093879092151044,degradation advantage
V1_0.05,F6-F2,Brier,-0.05885591525240033,-0.08450449983743002,-0.031913839430767706,degradation advantage
V1_0.05,F6-F2,ECE,-0.1959801356695416,-0.23034687424990183,-0.1608253840633874,degradation advantage
V1_0.05,F2-U1,AUROC,-0.05933339163888596,-0.0796051275872528,-0.0390315551287724,degradation advantage
V1_0.05,F2-U1,AUPRC,-0.039745831669061926,-0.05829525612746107,-0.0193308118614443,degradation advantage
V1_0.05,F2-U1,balanced_accuracy,-0.21149451626505045,-0.2340266379488406,-0.1873656976336961,degradation advantage
V1_0.05,F2-U1,macro_F1,-0.532451054348672,-0.5494821033574042,-0.5159800188066709,degradation advantage
V1_0.05,F2-U1,failure_recall,0.3889980353634578,0.34184675834970535,0.4397484933285377,degradation advantage
V1_0.05,F2-U1,failure_precision,-0.17960711856533787,-0.20338139744289405,-0.15740673818179127,degradation advantage
V1_0.05,F2-U1,Brier,0.24547135315553237,0.22396027504575963,0.2679519070018478,degradation advantage
V1_0.05,F2-U1,ECE,0.46139594466601286,0.4322038290195905,0.48140464747813616,degradation advantage
V1_0.1,F5-F2,AUROC,-0.13171810665909656,-0.1708347187690785,-0.09166897608827379,absolute performance
V1_0.1,F5-F2,AUPRC,-0.26749270054253005,-0.3141757026051025,-0.22272833136395523,absolute performance
V1_0.1,F5-F2,balanced_accuracy,0.1003015113678728,0.0730496339692481,0.1263346014845017,absolute performance
V1_0.1,F5-F2,macro_F1,0.3219114928110752,0.2814666143722395,0.3611153821201928,absolute performance
V1_0.1,F5-F2,failure_recall,-0.24754420432220037,-0.30770833333333336,-0.18716438569379742,absolute performance
V1_0.1,F5-F2,failure_precision,0.035734786956466216,0.02415588652233139,0.04941706647928709,absolute performance
V1_0.1,F5-F2,Brier,0.07433160728453386,0.024677835440999878,0.12451992130317788,absolute performance
V1_0.1,F5-F2,ECE,-0.07943393480579974,-0.1349424011571034,-0.021019026615410094,absolute performance
V1_0.1,F6-F2,AUROC,-0.14716989244579903,-0.1783573799451001,-0.11505506954219077,absolute performance
V1_0.1,F6-F2,AUPRC,-0.26879142664227584,-0.31386665149413945,-0.2246461928824604,absolute performance
V1_0.1,F6-F2,balanced_accuracy,0.053433863180971874,0.027581240938209965,0.07707535591677697,absolute performance
V1_0.1,F6-F2,macro_F1,0.20882026223260025,0.17029612299779545,0.24446023839077585,absolute performance
V1_0.1,F6-F2,failure_recall,-0.15127701375245584,-0.20078759725113882,-0.10420380103595366,absolute performance
V1_0.1,F6-F2,failure_precision,0.014485639489426813,0.0073915366181586395,0.02198933313486404,absolute performance
V1_0.1,F6-F2,Brier,0.05204297697660676,0.013493782673159987,0.09066420987708126,absolute performance
V1_0.1,F6-F2,ECE,-0.052926626925171916,-0.09212150237543505,-0.00970475548954379,absolute performance
V1_0.1,F2-U1,AUROC,-0.05428621544357759,-0.07746310267902537,-0.03177194763989449,absolute performance
V1_0.1,F2-U1,AUPRC,-0.033117212928413686,-0.05579651414309321,-0.010660446737578634,absolute performance
V1_0.1,F2-U1,balanced_accuracy,-0.2021435596712544,-0.22499373530436184,-0.17984134963880688,absolute performance
V1_0.1,F2-U1,macro_F1,-0.5138400904375716,-0.5305076261393287,-0.49782894892436835,absolute performance
V1_0.1,F2-U1,failure_recall,0.38506876227897835,0.3378093794225998,0.43392692307692304,absolute performance
V1_0.1,F2-U1,failure_precision,-0.16344090494526975,-0.1845246771381838,-0.14452361419419366,absolute performance
V1_0.1,F2-U1,Brier,0.21635924568205642,0.19322751839113034,0.24071711202176466,absolute performance
V1_0.1,F2-U1,ECE,0.4194388691836109,0.3882729104489257,0.44697577630457175,absolute performance
V1_0.1,F5-F2,AUROC,-0.112736717693797,-0.15576483358727894,-0.07059215061743097,degradation advantage
V1_0.1,F5-F2,AUPRC,-0.26474344311687764,-0.3093140992618085,-0.22209501311705718,degradation advantage
V1_0.1,F5-F2,balanced_accuracy,0.111927850298702,0.08100281794465163,0.14008013144987536,degradation advantage
V1_0.1,F5-F2,macro_F1,0.3353431170263982,0.2939858605676681,0.3745899210800029,degradation advantage
V1_0.1,F5-F2,failure_recall,-0.23772102161100195,-0.29943601769123457,-0.17769376181474483,degradation advantage
V1_0.1,F5-F2,failure_precision,0.05306774942306716,0.0359850208063106,0.07142855744313456,degradation advantage
V1_0.1,F5-F2,Brier,0.07213446247334104,0.022511916208119046,0.12246723774550096,degradation advantage
V1_0.1,F5-F2,ECE,-0.07819092916717846,-0.13476352691104884,-0.01867214706110317,degradation advantage
V1_0.1,F6-F2,AUROC,-0.12772482775839422,-0.1633942488889298,-0.09354766611132626,degradation advantage
V1_0.1,F6-F2,AUPRC,-0.2628487658320548,-0.30618102646008855,-0.22025564021927577,degradation advantage
V1_0.1,F6-F2,balanced_accuracy,0.06325680159516178,0.03615492626113947,0.0881948652374912,degradation advantage
V1_0.1,F6-F2,macro_F1,0.20439871930043574,0.16672514652132306,0.23963336018899487,degradation advantage
V1_0.1,F6-F2,failure_recall,-0.11198428290766216,-0.16371993900304999,-0.06431297346682402,degradation advantage
V1_0.1,F6-F2,failure_precision,0.005262182807305116,-0.009048466033878967,0.019138419379719423,degradation advantage
V1_0.1,F6-F2,Brier,0.04977506339664739,0.011227330525664658,0.08831802506705606,degradation advantage
V1_0.1,F6-F2,ECE,-0.05148817703455094,-0.09313059581591265,-0.008060462892147959,degradation advantage
V1_0.1,F2-U1,AUROC,-0.06993001867894932,-0.09374284881161503,-0.04680652547275657,degradation advantage
V1_0.1,F2-U1,AUPRC,-0.051023895000876174,-0.07363887558282929,-0.027304826872256972,degradation advantage
V1_0.1,F2-U1,balanced_accuracy,-0.20826148965475455,-0.23094822049313768,-0.1841881956301585,degradation advantage
V1_0.1,F2-U1,macro_F1,-0.5255085900488512,-0.542035192004256,-0.5086952091779074,degradation advantage
V1_0.1,F2-U1,failure_recall,0.3889980353634578,0.34184675834970535,0.4397484933285377,degradation advantage
V1_0.1,F2-U1,failure_precision,-0.17895791750354045,-0.20263556831768298,-0.15667709381720796,degradation advantage
V1_0.1,F2-U1,Brier,0.21836438117645074,0.19515418882138053,0.2425424145845331,degradation advantage
V1_0.1,F2-U1,ECE,0.4230225585600901,0.38906907220897413,0.447577375727028,degradation advantage
V2_1.0,F5-F2,AUROC,-0.02434517408360526,-0.03982897310448234,-0.010920674132329345,absolute performance
V2_1.0,F5-F2,AUPRC,-0.004347241472749841,-0.026467250416514137,0.01763575779108012,absolute performance
V2_1.0,F5-F2,balanced_accuracy,-0.010208927687596958,-0.023759983055896675,0.002687560997766565,absolute performance
V2_1.0,F5-F2,macro_F1,-0.01950143144618466,-0.030462091335959226,-0.008951982454577177,absolute performance
V2_1.0,F5-F2,failure_recall,0.0019646365422396617,-0.023396408506531553,0.02734375,absolute performance
V2_1.0,F5-F2,failure_precision,-0.03457394072957798,-0.05090893665653924,-0.0187218396150974,absolute performance
V2_1.0,F5-F2,Brier,0.002048552364029149,0.00046016970525977996,0.0037387009539759583,absolute performance
V2_1.0,F5-F2,ECE,-1.6805782972004885e-05,-0.008371341891079834,0.008845024058904333,absolute performance
V2_1.0,F6-F2,AUROC,-0.02180301941330609,-0.035803885268292215,-0.009463547106413847,absolute performance
V2_1.0,F6-F2,AUPRC,-0.0019502298914522709,-0.02418669648842626,0.019601611705761704,absolute performance
V2_1.0,F6-F2,balanced_accuracy,-0.016102593017307543,-0.03116683508348973,-0.0011793632447051258,absolute performance
V2_1.0,F6-F2,macro_F1,-0.01252749675503062,-0.024343250330659018,-0.001098216360201418,absolute performance
V2_1.0,F6-F2,failure_recall,-0.029469548133595258,-0.06060745320855615,0.0017529026988026576,absolute performance
V2_1.0,F6-F2,failure_precision,-0.01718186894066287,-0.035484773796562,0.0003091903065447277,absolute performance
V2_1.0,F6-F2,Brier,0.001896435849697245,0.00022220553899279273,0.003537146549256179,absolute performance
V2_1.0,F6-F2,ECE,0.001324246829531632,-0.008319903907318767,0.008313098783521938,absolute performance
V2_1.0,F2-U1,AUROC,0.012027230321753679,0.003202173967330038,0.021634958375554552,absolute performance
V2_1.0,F2-U1,AUPRC,0.01838889357877571,0.00905374338795128,0.02795265464961841,absolute performance
V2_1.0,F2-U1,balanced_accuracy,0.0019406954354082018,-0.010282616723670387,0.014058790580098617,absolute performance
V2_1.0,F2-U1,macro_F1,0.04150825265282965,0.03078085144904927,0.05177650303087639,absolute performance
V2_1.0,F2-U1,failure_recall,-0.07072691552062871,-0.0939337702078286,-0.048387096774193616,absolute performance
V2_1.0,F2-U1,failure_precision,0.07148818296429138,0.055911860254526824,0.08831051862087148,absolute performance
V2_1.0,F2-U1,Brier,-0.001325012231973663,-0.002314785054877772,-0.00031295926685473386,absolute performance
V2_1.0,F2-U1,ECE,0.0006366134029366748,-0.010495866170746045,0.012573880425570763,absolute performance
V2_1.0,F5-F2,AUROC,-0.005363785118305708,-0.016332102470537305,0.005440243350253338,degradation advantage
V2_1.0,F5-F2,AUPRC,-0.0015979840470974338,-0.010734713314228874,0.008747383315752612,degradation advantage
V2_1.0,F5-F2,balanced_accuracy,0.0014174112432322472,-0.013351791824812392,0.015880832734199154,degradation advantage
V2_1.0,F5-F2,macro_F1,-0.006069807230861701,-0.017197109234358122,0.005313659972397939,degradation advantage
V2_1.0,F5-F2,failure_recall,0.011787819253438081,-0.01642965024521879,0.03956923570054845,degradation advantage
V2_1.0,F5-F2,failure_precision,-0.017240978262977047,-0.03335599798634937,-0.0017269974680419104,degradation advantage
V2_1.0,F5-F2,Brier,-0.00014859244716368403,-0.0009476602689121018,0.0005778510560006896,degradation advantage
V2_1.0,F5-F2,ECE,0.0012261998556492848,-0.008068323769388902,0.011021543879400684,degradation advantage
V2_1.0,F6-F2,AUROC,-0.002357954725901279,-0.012641586523100995,0.008043071104654034,degradation advantage
V2_1.0,F6-F2,AUPRC,0.003992430918768719,-0.005165901367684869,0.013479463277294865,degradation advantage
V2_1.0,F6-F2,balanced_accuracy,-0.006279654603117635,-0.020525355596092188,0.00739811794217594,degradation advantage
V2_1.0,F6-F2,macro_F1,-0.01694903968719519,-0.027365576787003142,-0.006228035501470343,degradation advantage
V2_1.0,F6-F2,failure_recall,0.00982318271119842,-0.019694409557227302,0.037313799372489215,degradation advantage
V2_1.0,F6-F2,failure_precision,-0.02640532562278458,-0.04217774610587406,-0.010510103840569537,degradation advantage
V2_1.0,F6-F2,Brier,-0.00037147773026216524,-0.0011003234125974456,0.0003081243493725011,degradation advantage
V2_1.0,F6-F2,ECE,0.002762696720152596,-0.008260454117023744,0.011732373930965309,degradation advantage
V2_1.0,F2-U1,AUROC,-0.0036165729136180547,-0.009386447249255142,0.0017176038985077377,degradation advantage
V2_1.0,F2-U1,AUPRC,0.00048221150631322374,-0.007428319752897231,0.00760042606970865,degradation advantage
V2_1.0,F2-U1,balanced_accuracy,-0.004177234548091935,-0.01474350709827526,0.005607320636434258,degradation advantage
V2_1.0,F2-U1,macro_F1,0.029839753041550066,0.02070977683276061,0.038720253013959684,degradation advantage
V2_1.0,F2-U1,failure_recall,-0.06679764243614927,-0.08671759572625316,-0.04828673389082084,degradation advantage
V2_1.0,F2-U1,failure_precision,0.055971170406020676,0.0422288649068175,0.07042885623034788,degradation advantage
V2_1.0,F2-U1,Brier,0.0006801232624206732,-3.57734141773914e-05,0.0014298173931160717,degradation advantage
V2_1.0,F2-U1,ECE,0.004220302779415859,-0.004638684537811549,0.010465544377704038,degradation advantage
V2_2.0,F5-F2,AUROC,-0.03090748032554047,-0.0509737954077881,-0.013248793790118119,absolute performance
V2_2.0,F5-F2,AUPRC,-0.00388111692679155,-0.02948412760202878,0.018576882904269607,absolute performance
V2_2.0,F5-F2,balanced_accuracy,-0.013080883319351422,-0.028565100835344512,0.00087010727877467,absolute performance
V2_2.0,F5-F2,macro_F1,-0.0036034921218207616,-0.016603185938127943,0.008695754960976727,absolute performance
V2_2.0,F5-F2,failure_recall,-0.035363457760314354,-0.06579144342893165,-0.007453844521468557,absolute performance
V2_2.0,F5-F2,failure_precision,0.0004312203536007142,-0.02046641479570656,0.019665324472045574,absolute performance
V2_2.0,F5-F2,Brier,0.0031006796064758785,0.0012395750356772896,0.005103887132228615,absolute performance
V2_2.0,F5-F2,ECE,0.009086841772734583,0.002360173088003469,0.01592120304408472,absolute performance
V2_2.0,F6-F2,AUROC,-0.02631958250618449,-0.04336895015595041,-0.010842791464294472,absolute performance
V2_2.0,F6-F2,AUPRC,-0.0017950060525865341,-0.029346774799483822,0.02346767049386593,absolute performance
V2_2.0,F6-F2,balanced_accuracy,-0.0202803161594165,-0.0368051678600017,-0.004697992356348924,absolute performance
V2_2.0,F6-F2,macro_F1,-0.00457562779166909,-0.018277425021464073,0.008800077135744587,absolute performance
V2_2.0,F6-F2,failure_recall,-0.05697445972495091,-0.09237002357255111,-0.02429642749472412,absolute performance
V2_2.0,F6-F2,failure_precision,0.0036380172805821065,-0.01806002807798601,0.025778792506415356,absolute performance
V2_2.0,F6-F2,Brier,0.002685122185856842,0.0007398924952455179,0.004595653218231646,absolute performance
V2_2.0,F6-F2,ECE,0.007843605420503254,0.0013271185936956009,0.013303726011575069,absolute performance
V2_2.0,F2-U1,AUROC,0.0033830249735059548,-0.00827166623231979,0.014661135520512522,absolute performance
V2_2.0,F2-U1,AUPRC,0.009681282087932341,-0.00402012252683088,0.023327785554001355,absolute performance
V2_2.0,F2-U1,balanced_accuracy,-0.0031450796872412035,-0.01719365833179502,0.009134737501258039,absolute performance
V2_2.0,F2-U1,macro_F1,0.03327818200618993,0.021392189261187466,0.04488005692600783,absolute performance
V2_2.0,F2-U1,failure_recall,-0.07269155206286837,-0.09965366791559854,-0.04834767641996565,absolute performance
V2_2.0,F2-U1,failure_precision,0.056831566548880996,0.038882841326640445,0.07577377835863569,absolute performance
V2_2.0,F2-U1,Brier,-0.0008104359587542687,-0.002020575419167311,0.0004057443574445642,absolute performance
V2_2.0,F2-U1,ECE,0.001202114287582854,-0.010670503230613668,0.012197696561776689,absolute performance
V2_2.0,F5-F2,AUROC,-0.01192609136024092,-0.030168849545481515,0.004866206829770257,degradation advantage
V2_2.0,F5-F2,AUPRC,-0.001131859501139143,-0.02087057274906485,0.01714365456420854,degradation advantage
V2_2.0,F5-F2,balanced_accuracy,-0.0014545443885222165,-0.019602429263666947,0.016694513040260785,degradation advantage
V2_2.0,F5-F2,macro_F1,0.009828132093502195,-0.004841783079819311,0.023893198615281677,degradation advantage
V2_2.0,F5-F2,failure_recall,-0.025540275049115935,-0.059392683465959384,0.007019096413600384,degradation advantage
V2_2.0,F5-F2,failure_precision,0.017764182820201646,-0.0032876895308271746,0.03875881794507512,degradation advantage
V2_2.0,F5-F2,Brier,0.0009035347952830453,-0.0002679847006066525,0.0021620698544767406,degradation advantage
V2_2.0,F5-F2,ECE,0.010329847411355873,-2.391170292874356e-05,0.020005809405303304,degradation advantage
V2_2.0,F6-F2,AUROC,-0.00687451781877968,-0.02241189655705974,0.00858593732720186,degradation advantage
V2_2.0,F6-F2,AUPRC,0.004147654757634456,-0.014755074400658433,0.02118384934926505,degradation advantage
V2_2.0,F6-F2,balanced_accuracy,-0.010457377745226593,-0.0281103806821045,0.006358949400543199,degradation advantage
V2_2.0,F6-F2,macro_F1,-0.008997170723833658,-0.02283856897104895,0.00459500743728785,degradation advantage
V2_2.0,F6-F2,failure_recall,-0.017681728880157233,-0.05221639984595916,0.015180987150164874,degradation advantage
V2_2.0,F6-F2,failure_precision,-0.005585439401539605,-0.026877961767382694,0.015120076525988029,degradation advantage
V2_2.0,F6-F2,Brier,0.0004172086058974317,-0.0006899279916222957,0.0015856540624023584,degradation advantage
V2_2.0,F6-F2,ECE,0.009282055311124218,-0.0009917553740750702,0.017732148167663952,degradation advantage
V2_2.0,F2-U1,AUROC,-0.012260778261865779,-0.02260870372231364,-0.0026613266114946933,degradation advantage
V2_2.0,F2-U1,AUPRC,-0.008225399984530146,-0.021504339306238702,0.003929470064527433,degradation advantage
V2_2.0,F2-U1,balanced_accuracy,-0.00926300967074134,-0.021621196506652098,0.002749272906737411,degradation advantage
V2_2.0,F2-U1,macro_F1,0.021609682394910346,0.010276838921379705,0.03285816215868921,degradation advantage
V2_2.0,F2-U1,failure_recall,-0.06876227897838894,-0.09473737266553477,-0.04338081651393346,degradation advantage
V2_2.0,F2-U1,failure_precision,0.04131455399061029,0.02482200786123953,0.059992478258021634,degradation advantage
V2_2.0,F2-U1,Brier,0.0011946995356400675,0.00011566316306432408,0.0023788948330351737,degradation advantage
V2_2.0,F2-U1,ECE,0.004785803664062038,-0.006606476820686824,0.012346801845649411,degradation advantage
V2_4.0,F5-F2,AUROC,-0.029177857505463645,-0.05155001266234473,-0.00916624999389756,absolute performance
V2_4.0,F5-F2,AUPRC,-0.0038274375304716557,-0.03518143267415523,0.022288199362424904,absolute performance
V2_4.0,F5-F2,balanced_accuracy,-0.01411230528917684,-0.03198032174715146,0.0014369852292794223,absolute performance
V2_4.0,F5-F2,macro_F1,0.0214652256057557,0.004964574208160363,0.03679332454788537,absolute performance
V2_4.0,F5-F2,failure_recall,-0.08840864440078583,-0.12331984159338422,-0.056151233770024234,absolute performance
V2_4.0,F5-F2,failure_precision,0.04300218681661977,0.022292105792471106,0.06158399461135297,absolute performance
V2_4.0,F5-F2,Brier,0.0032045951095598935,0.0007712402197797841,0.0057095782301903675,absolute performance
V2_4.0,F5-F2,ECE,0.015636248299351667,0.0056236035984282146,0.022265218317718233,absolute performance
V2_4.0,F6-F2,AUROC,-0.02395527605806258,-0.04366824097007127,-0.0057159084396008865,absolute performance
V2_4.0,F6-F2,AUPRC,0.007985513126707977,-0.023484702810457433,0.03552995788287111,absolute performance
V2_4.0,F6-F2,balanced_accuracy,-0.013776641199517936,-0.03219617017404561,0.002928809725534475,absolute performance
V2_4.0,F6-F2,macro_F1,0.018927262718340776,0.0016973072958557129,0.03431812444766126,absolute performance
V2_4.0,F6-F2,failure_recall,-0.08251473477406679,-0.11975045636232018,-0.048503673604896214,absolute performance
V2_4.0,F6-F2,failure_precision,0.037280793781793886,0.015044155190420723,0.05784137086466303,absolute performance
V2_4.0,F6-F2,Brier,0.002159401385972745,-0.0002611604119877205,0.004498382675616585,absolute performance
V2_4.0,F6-F2,ECE,0.010914578223155136,0.0031050359181230397,0.019152397474003848,absolute performance
V2_4.0,F2-U1,AUROC,-0.017825864115163736,-0.033582266363264016,-0.0030716246486789753,absolute performance
V2_4.0,F2-U1,AUPRC,-0.019502771477661718,-0.03845745119591848,-0.00019537267694152996,absolute performance
V2_4.0,F2-U1,balanced_accuracy,-0.015157407891477348,-0.031073701818603715,-0.0008545624301426989,absolute performance
V2_4.0,F2-U1,macro_F1,-0.003327441377479645,-0.021798156174351116,0.014960131600716867,absolute performance
V2_4.0,F2-U1,failure_recall,-0.04125736738703345,-0.07465618860510803,-0.009362858342959067,absolute performance
V2_4.0,F2-U1,failure_precision,-0.0028372869344054363,-0.02579403513709018,0.023618981779176644,absolute performance
V2_4.0,F2-U1,Brier,0.0011262003602886955,-0.0003786636621547927,0.0027510210293964226,absolute performance
V2_4.0,F2-U1,ECE,-0.0028057760165731086,-0.011730027808998882,0.009390915272444957,absolute performance
V2_4.0,F5-F2,AUROC,-0.010196468540164094,-0.032819960476464745,0.011090224453949025,degradation advantage
V2_4.0,F5-F2,AUPRC,-0.0010781801048192485,-0.028938851746265017,0.0241081670520467,degradation advantage
V2_4.0,F5-F2,balanced_accuracy,-0.0024859663583476355,-0.024273036874480267,0.0176395120232787,degradation advantage
V2_4.0,F5-F2,macro_F1,0.03489684982107866,0.015992623712071826,0.052772439889397414,degradation advantage
V2_4.0,F5-F2,failure_recall,-0.07858546168958741,-0.11886893596675123,-0.0420345132743363,degradation advantage
V2_4.0,F5-F2,failure_precision,0.0603351492832207,0.03648863376016451,0.08198251203911816,degradation advantage
V2_4.0,F5-F2,Brier,0.0010074502983670602,-0.0009058186315383146,0.003019804913894194,degradation advantage
V2_4.0,F5-F2,ECE,0.01687925393797296,0.0025466326108700317,0.0278914971505338,degradation advantage
V2_4.0,F6-F2,AUROC,-0.0045102113706577684,-0.02462539866561789,0.014353157298430988,degradation advantage
V2_4.0,F6-F2,AUPRC,0.013928173936928967,-0.011079553615866622,0.0362834607177503,degradation advantage
V2_4.0,F6-F2,balanced_accuracy,-0.003953702785328028,-0.023911859490888962,0.015634026898078447,degradation advantage
V2_4.0,F6-F2,macro_F1,0.014505719786176208,-0.0033040005607289672,0.03169121886709799,degradation advantage
V2_4.0,F6-F2,failure_recall,-0.04322200392927311,-0.08224452905657474,-0.005074504012462908,degradation advantage
V2_4.0,F6-F2,failure_precision,0.028057337099672175,0.006151308367486903,0.04872099999550192,degradation advantage
V2_4.0,F6-F2,Brier,-0.00010851219398666512,-0.0019138907818589876,0.001715780541351861,degradation advantage
V2_4.0,F6-F2,ECE,0.0123530281137761,0.0009160028870549231,0.02405175535387255,degradation advantage
V2_4.0,F2-U1,AUROC,-0.03346966735053547,-0.04847330440579989,-0.019443032330713577,degradation advantage
V2_4.0,F2-U1,AUPRC,-0.037409453550124205,-0.05740336596236141,-0.017989405884325883,degradation advantage
V2_4.0,F2-U1,balanced_accuracy,-0.021275337874977485,-0.0371472099433902,-0.0059121680416980155,degradation advantage
V2_4.0,F2-U1,macro_F1,-0.014995940988759227,-0.03417593809880931,0.003778356466745934,degradation advantage
V2_4.0,F2-U1,failure_recall,-0.037328094302554016,-0.07096869631609082,-0.002122364949497645,degradation advantage
V2_4.0,F2-U1,failure_precision,-0.01835429949267614,-0.042523991636553106,0.008663348113523948,degradation advantage
V2_4.0,F2-U1,Brier,0.0031313358546830317,0.0015930092642670625,0.004873590645916781,degradation advantage
V2_4.0,F2-U1,ECE,0.0007779133599060753,-0.009805454590703306,0.010509013418803463,degradation advantage
V3_0.1,F5-F2,AUROC,-0.018633510025216404,-0.02853040639795283,-0.008800909061412029,absolute performance
V3_0.1,F5-F2,AUPRC,-0.004420169030187715,-0.02508092079291742,0.015143943162704971,absolute performance
V3_0.1,F5-F2,balanced_accuracy,-0.010034743920546818,-0.023217949651479504,0.003946216845086098,absolute performance
V3_0.1,F5-F2,macro_F1,-0.0128794007060824,-0.02329978516196861,-0.001960635641774664,absolute performance
V3_0.1,F5-F2,failure_recall,-0.005893909626719096,-0.031623690319342534,0.01980198019801982,absolute performance
V3_0.1,F5-F2,failure_precision,-0.01676690359030436,-0.029624624481233656,-0.0030195456692033856,absolute performance
V3_0.1,F5-F2,Brier,0.002220607123888177,0.0005679144827050512,0.0038921511216878433,absolute performance
V3_0.1,F5-F2,ECE,-0.0019038997172904151,-0.010816447320109833,0.006627659537270202,absolute performance
V3_0.1,F6-F2,AUROC,-0.01880940387132579,-0.028482889976806265,-0.009344016685847853,absolute performance
V3_0.1,F6-F2,AUPRC,-0.006753645616149995,-0.025865427608237245,0.01287266791171531,absolute performance
V3_0.1,F6-F2,balanced_accuracy,-0.007982649049269375,-0.021827324038630806,0.005707652005606802,absolute performance
V3_0.1,F6-F2,macro_F1,0.005358598394975322,-0.005486226374646963,0.015730810930351436,absolute performance
V3_0.1,F6-F2,failure_recall,-0.035363457760314354,-0.06250279516994633,-0.006718020541549955,absolute performance
V3_0.1,F6-F2,failure_precision,0.01028178404744362,-0.004297572052705344,0.02457709767621937,absolute performance
V3_0.1,F6-F2,Brier,0.0022818689902319306,0.0006853828586988964,0.003937232252536542,absolute performance
V3_0.1,F6-F2,ECE,-0.0018098372949656334,-0.01129495125059279,0.007511250859248721,absolute performance
V3_0.1,F2-U1,AUROC,0.016356173312115252,0.006688978260174278,0.02640559408769104,absolute performance
V3_0.1,F2-U1,AUPRC,0.018522370993225734,0.0089896262233624,0.028762235200075897,absolute performance
V3_0.1,F2-U1,balanced_accuracy,0.004277640618579603,-0.007278278075349362,0.01501523693401933,absolute performance
V3_0.1,F2-U1,macro_F1,0.010731444148468827,0.001481176067518572,0.019278799356302327,absolute performance
V3_0.1,F2-U1,failure_recall,-0.007858546168958758,-0.030715614302392273,0.01310125597057115,absolute performance
V3_0.1,F2-U1,failure_precision,0.014458685192948795,0.003038796155472913,0.025607724457478255,absolute performance
V3_0.1,F2-U1,Brier,-0.002006145285668351,-0.0030793051568292736,-0.0009386679310063196,absolute performance
V3_0.1,F2-U1,ECE,-0.003099407268193537,-0.012577254215239602,0.010505782898631124,absolute performance
V3_0.1,F5-F2,AUROC,0.0003478789400831461,-0.0014195797014888907,0.00223322620955578,degradation advantage
V3_0.1,F5-F2,AUPRC,-0.0016709116045353078,-0.005979872166262394,0.001743056999736901,degradation advantage
V3_0.1,F5-F2,balanced_accuracy,0.0015915950102823873,-0.0041775309932296865,0.007262252352794665,degradation advantage
V3_0.1,F5-F2,macro_F1,0.000552223509240557,-0.0038841555826547858,0.004905031099431244,degradation advantage
V3_0.1,F5-F2,failure_recall,0.003929273084479323,-0.006160164271047264,0.014981976094609722,degradation advantage
V3_0.1,F5-F2,failure_precision,0.0005660588762965713,-0.004991542554692701,0.0060746810248885905,degradation advantage
V3_0.1,F5-F2,Brier,2.3462312695343712e-05,-0.00011534053470456558,0.00018442668234028533,degradation advantage
V3_0.1,F5-F2,ECE,-0.0006608940786691254,-0.005215473545646739,0.003785770707620578,degradation advantage
V3_0.1,F6-F2,AUROC,0.00063566081607902,-0.0014831896995046389,0.0029172827863843246,degradation advantage
V3_0.1,F6-F2,AUPRC,-0.0008109848059290048,-0.003971980342465984,0.002183949991074166,degradation advantage
V3_0.1,F6-F2,balanced_accuracy,0.0018402893649205332,-0.005943862578351883,0.009288887700858084,degradation advantage
V3_0.1,F6-F2,macro_F1,0.0009370554628107541,-0.004819701289245073,0.006521552710402317,degradation advantage
V3_0.1,F6-F2,failure_recall,0.003929273084479323,-0.010965012508419109,0.01814699784510897,degradation advantage
V3_0.1,F6-F2,failure_precision,0.0010583273653219094,-0.006333765317137137,0.008324502958205748,degradation advantage
V3_0.1,F6-F2,Brier,1.3955410272520341e-05,-0.00012844092553478717,0.00017897222352847167,degradation advantage
V3_0.1,F6-F2,ECE,-0.00037138740434466966,-0.004122785692471865,0.0032789294088217506,degradation advantage
V3_0.1,F2-U1,AUROC,0.0007123700767435182,-0.0009311192518160454,0.002324215941259931,degradation advantage
V3_0.1,F2-U1,AUPRC,0.0006156889207632465,-0.0012203453617191217,0.002632019773476059,degradation advantage
V3_0.1,F2-U1,balanced_accuracy,-0.0018402893649205332,-0.005922793816888183,0.0021509007801737514,degradation advantage
V3_0.1,F2-U1,macro_F1,-0.0009370554628107541,-0.004231342461057899,0.002435684229690156,degradation advantage
V3_0.1,F2-U1,failure_recall,-0.003929273084479323,-0.01171875,0.003868659379545163,degradation advantage
V3_0.1,F2-U1,failure_precision,-0.0010583273653219094,-0.0052796481711608265,0.0032688077057497515,degradation advantage
V3_0.1,F2-U1,Brier,-1.009791274014793e-06,-9.804831577900214e-05,9.453007930914842e-05,degradation advantage
V3_0.1,F2-U1,ECE,0.0004842821082856469,-0.0026807416551747573,0.003171093750063279,degradation advantage
V3_0.3,F5-F2,AUROC,-0.019732846563400575,-0.03001761796915807,-0.009902906015926407,absolute performance
V3_0.3,F5-F2,AUPRC,-0.000981312120560185,-0.0217132816712776,0.01897009077092246,absolute performance
V3_0.3,F5-F2,balanced_accuracy,-0.015319376808103136,-0.029497684886072458,-0.0012761514660735592,absolute performance
V3_0.3,F5-F2,macro_F1,-0.016335489634422773,-0.02747295360628228,-0.004381803331001393,absolute performance
V3_0.3,F5-F2,failure_recall,-0.015717092337917404,-0.04149809820193645,0.009804403097191688,absolute performance
V3_0.3,F5-F2,failure_precision,-0.020990201003103115,-0.03544739094208374,-0.006323662777435791,absolute performance
V3_0.3,F5-F2,Brier,0.0022342665539972356,0.0005524004471214306,0.003923636175953726,absolute performance
V3_0.3,F5-F2,ECE,-0.0004511835672231599,-0.01064128578963557,0.009794374494206526,absolute performance
V3_0.3,F6-F2,AUROC,-0.019267705059244356,-0.029297883137144855,-0.009796369490193335,absolute performance
V3_0.3,F6-F2,AUPRC,-0.0047069538209357775,-0.024270305871492235,0.014783559258995788,absolute performance
V3_0.3,F6-F2,balanced_accuracy,-0.012284963665705861,-0.026049355491575284,0.0007785142279039828,absolute performance
V3_0.3,F6-F2,macro_F1,0.002462355041815023,-0.008913862747630766,0.01285749422044916,absolute performance
V3_0.3,F6-F2,failure_recall,-0.043222003929273,-0.07112203184439805,-0.016562291463477236,absolute performance
V3_0.3,F6-F2,failure_precision,0.006837737715924719,-0.008208200224385065,0.020800830558504523,absolute performance
V3_0.3,F6-F2,Brier,0.002326682753325829,0.0006876080668709154,0.004016267251534065,absolute performance
V3_0.3,F6-F2,ECE,0.0012851222733922286,-0.010209322969107999,0.011084979185266429,absolute performance
V3_0.3,F2-U1,AUROC,0.01604103017116887,0.006708395089777777,0.02591563404929342,absolute performance
V3_0.3,F2-U1,AUPRC,0.018587406225425485,0.009161288868021863,0.029219986736100486,absolute performance
V3_0.3,F2-U1,balanced_accuracy,0.007970678495853534,-0.003834139407662132,0.019184558970500035,absolute performance
V3_0.3,F2-U1,macro_F1,0.01364714814055612,0.003926491681500196,0.022857301118565897,absolute performance
V3_0.3,F2-U1,failure_recall,-0.0019646365422397727,-0.023606419308689754,0.018711993243243182,absolute performance
V3_0.3,F2-U1,failure_precision,0.018115796954924435,0.00549034915468012,0.030212477882298607,absolute performance
V3_0.3,F2-U1,Brier,-0.0020439101642204943,-0.0031476342285215327,-0.0009783958459467302,absolute performance
V3_0.3,F2-U1,ECE,-0.0032557724697646322,-0.013304275088956366,0.010039922340638531,absolute performance
V3_0.3,F5-F2,AUROC,-0.0007514575981010241,-0.0039920592852695945,0.002475427331737835,degradation advantage
V3_0.3,F5-F2,AUPRC,0.0017679453050922223,-0.0031464822534660293,0.0066902750283118016,degradation advantage
V3_0.3,F5-F2,balanced_accuracy,-0.0036930378772739303,-0.011603739884613284,0.004274240199772133,degradation advantage
V3_0.3,F5-F2,macro_F1,-0.002903865419099816,-0.009067579799790323,0.003700261717071031,degradation advantage
V3_0.3,F5-F2,failure_recall,-0.005893909626718985,-0.020836060209424228,0.009058381993213955,degradation advantage
V3_0.3,F5-F2,failure_precision,-0.003657238536502183,-0.011366908228375406,0.0045301855379402895,degradation advantage
V3_0.3,F5-F2,Brier,3.712174280440239e-05,-0.0002389244758028434,0.00031874144618521393,degradation advantage
V3_0.3,F5-F2,ECE,0.0007918220713981298,-0.00586497081291915,0.007208780663853844,degradation advantage
V3_0.3,F6-F2,AUROC,0.00017735962816045614,-0.0029859280666513525,0.0034445413040531466,degradation advantage
V3_0.3,F6-F2,AUPRC,0.0012357069892852124,-0.0028895862279177745,0.005548260545209456,degradation advantage
V3_0.3,F6-F2,balanced_accuracy,-0.0024620252515159535,-0.010785362008992628,0.00545878179869433,degradation advantage
V3_0.3,F6-F2,macro_F1,-0.001959187890349545,-0.008625797162965817,0.004908753899309263,degradation advantage
V3_0.3,F6-F2,failure_recall,-0.003929273084479323,-0.018948067512234067,0.009278609298673432,degradation advantage
V3_0.3,F6-F2,failure_precision,-0.0023857189661969924,-0.011096666734134501,0.006637244222913911,degradation advantage
V3_0.3,F6-F2,Brier,5.8769173366418626e-05,-0.00018948913153947478,0.000310350246328641,degradation advantage
V3_0.3,F6-F2,ECE,0.0027235721640131924,-0.004994235638359431,0.007995050330655742,degradation advantage
V3_0.3,F2-U1,AUROC,0.00039722693579713475,-0.0018342418725038668,0.0025008562588621354,degradation advantage
V3_0.3,F2-U1,AUPRC,0.000680724152962997,-0.001728679422805171,0.0032523361118991473,degradation advantage
V3_0.3,F2-U1,balanced_accuracy,0.001852748512353397,-0.0039358148878623515,0.00803400802802778,degradation advantage
V3_0.3,F2-U1,macro_F1,0.0019786485292765388,-0.0032921463662138857,0.007170782849808509,degradation advantage
V3_0.3,F2-U1,failure_recall,0.0019646365422396617,-0.007561794695537677,0.01242300456173801,degradation advantage
V3_0.3,F2-U1,failure_precision,0.0025987843966537305,-0.004234838429208259,0.009350859161708787,degradation advantage
V3_0.3,F2-U1,Brier,-3.877466982615818e-05,-0.0002102052834779617,0.00012624814558097108,degradation advantage
V3_0.3,F2-U1,ECE,0.0003279169067145517,-0.0051974239517875,0.004651977317230053,degradation advantage
V3_0.5,F5-F2,AUROC,-0.0224821650968956,-0.034150381436360226,-0.01189390938088308,absolute performance
V3_0.5,F5-F2,AUPRC,-0.0063270067557801846,-0.02720923351588595,0.013306068334062513,absolute performance
V3_0.5,F5-F2,balanced_accuracy,-0.016500552844130212,-0.03224718805908366,-0.0026973122433316204,absolute performance
V3_0.5,F5-F2,macro_F1,-0.01318564873692707,-0.025338820330972914,-0.0024912830671400517,absolute performance
V3_0.5,F5-F2,failure_recall,-0.025540275049115935,-0.05482041587901698,0.0019963085876440394,absolute performance
V3_0.5,F5-F2,failure_precision,-0.01628431074648029,-0.03153824888122519,-0.0025611909644755373,absolute performance
V3_0.5,F5-F2,Brier,0.0025226291890919905,0.0008178780787869485,0.004242711937365459,absolute performance
V3_0.5,F5-F2,ECE,-0.002249951625919462,-0.010384165613874678,0.008780200921309817,absolute performance
V3_0.5,F6-F2,AUROC,-0.0234578873487864,-0.035385090996876103,-0.012521581726395552,absolute performance
V3_0.5,F6-F2,AUPRC,-0.007420654018795714,-0.027025029785394117,0.011763719157571156,absolute performance
V3_0.5,F6-F2,balanced_accuracy,-0.012856862962570381,-0.028294736212776166,0.002340955004555591,absolute performance
V3_0.5,F6-F2,macro_F1,0.005336297054677197,-0.006474261527298741,0.016392928843070406,absolute performance
V3_0.5,F6-F2,failure_recall,-0.05108055009823187,-0.08163446550911659,-0.020439145918590532,absolute performance
V3_0.5,F6-F2,failure_precision,0.011157796451914115,-0.004661774318450468,0.026242667895051308,absolute performance
V3_0.5,F6-F2,Brier,0.0025383997507368583,0.0008363843848999003,0.004253137726366438,absolute performance
V3_0.5,F6-F2,ECE,-0.001994243261760698,-0.009685031053382127,0.008111556896849906,absolute performance
V3_0.5,F2-U1,AUROC,0.01666887348297663,0.007289040321832576,0.026527440402649493,absolute performance
V3_0.5,F2-U1,AUPRC,0.016091355387286566,0.006346906928940634,0.02675643273367469,absolute performance
V3_0.5,F2-U1,balanced_accuracy,0.00203939142683629,-0.010263198694623572,0.013477214268413735,absolute performance
V3_0.5,F2-U1,macro_F1,0.0071454087984722525,-0.0020469516905256223,0.01638257379688273,absolute performance
V3_0.5,F2-U1,failure_recall,-0.007858546168958758,-0.03356200266190927,0.015568798063666086,absolute performance
V3_0.5,F2-U1,failure_precision,0.009609344326658775,-0.001841702001006351,0.021083301669317385,absolute performance
V3_0.5,F2-U1,Brier,-0.0018810828343368696,-0.0029545947791077003,-0.0008118698806560348,absolute performance
V3_0.5,F2-U1,ECE,-0.0024916938563981778,-0.012728182644689175,0.009597071964746611,absolute performance
V3_0.5,F5-F2,AUROC,-0.0035007761315960506,-0.00911502141685741,0.0015155380769429742,degradation advantage
V3_0.5,F5-F2,AUPRC,-0.0035777493301277774,-0.010642293093332415,0.0037981529205179864,degradation advantage
V3_0.5,F5-F2,balanced_accuracy,-0.0048742139133010065,-0.016081773224484182,0.006124011788470617,degradation advantage
V3_0.5,F5-F2,macro_F1,0.00024597547839588785,-0.008961418123857163,0.00933524213858734,degradation advantage
V3_0.5,F5-F2,failure_recall,-0.015717092337917515,-0.03629032258064513,0.003960592487820215,degradation advantage
V3_0.5,F5-F2,failure_precision,0.0010486517201206413,-0.010709816006437419,0.01237933257111603,degradation advantage
V3_0.5,F5-F2,Brier,0.0003254843778991573,-8.33486045661802e-05,0.0007423150948221826,degradation advantage
V3_0.5,F5-F2,ECE,-0.0010069459872981724,-0.005705852263979554,0.005783123451622684,degradation advantage
V3_0.5,F6-F2,AUROC,-0.004012822661381588,-0.010278860258081507,0.002090960564581404,degradation advantage
V3_0.5,F6-F2,AUPRC,-0.0014779932085747238,-0.009216572562562114,0.005955466130711348,degradation advantage
V3_0.5,F6-F2,balanced_accuracy,-0.0030339245483804733,-0.014910015154144163,0.007871528956568319,degradation advantage
V3_0.5,F6-F2,macro_F1,0.0009147541225126288,-0.008426389598060668,0.009855400629625812,degradation advantage
V3_0.5,F6-F2,failure_recall,-0.011787819253438192,-0.03327674614652856,0.007890327494287818,degradation advantage
V3_0.5,F6-F2,failure_precision,0.0019343397697924036,-0.010424344711758604,0.01360370072160789,degradation advantage
V3_0.5,F6-F2,Brier,0.0002704861707774481,-0.00014423386648989672,0.0007158583274837689,degradation advantage
V3_0.5,F6-F2,ECE,-0.0005557933711397341,-0.00590614447424253,0.006222531669944536,degradation advantage
V3_0.5,F2-U1,AUROC,0.0010250702476048978,-0.002240938261899808,0.004682118371480487,degradation advantage
V3_0.5,F2-U1,AUPRC,-0.001815326685175922,-0.005754397420052608,0.002423363684244994,degradation advantage
V3_0.5,F2-U1,balanced_accuracy,-0.004078538556663847,-0.011478299375695764,0.003882136587285282,degradation advantage
V3_0.5,F2-U1,macro_F1,-0.004523090812807329,-0.010709936097337863,0.001698771019476515,degradation advantage
V3_0.5,F2-U1,failure_recall,-0.003929273084479323,-0.017276973299046268,0.009883888349782577,degradation advantage
V3_0.5,F2-U1,failure_precision,-0.005907668231611929,-0.013776610069213258,0.0019456786009412474,degradation advantage
V3_0.5,F2-U1,Brier,0.0001240526600574665,-0.00013871630705987112,0.00037918356189734203,degradation advantage
V3_0.5,F2-U1,ECE,0.0010919955200810062,-0.00399580310218157,0.004449950502965868,degradation advantage
S1_0.1,F5-F2,AUROC,-0.015922790419062194,-0.0251065624818611,-0.0074558966628674095,absolute performance
S1_0.1,F5-F2,AUPRC,-0.023068077981107882,-0.03647334895504122,-0.009545202291347648,absolute performance
S1_0.1,F5-F2,balanced_accuracy,-0.0018654519567945504,-0.014216711978413846,0.01051508527468964,absolute performance
S1_0.1,F5-F2,macro_F1,-0.011879827918411467,-0.021161697006760696,-0.0025562432034678902,absolute performance
S1_0.1,F5-F2,failure_recall,0.01964636542239684,-0.005538188400751967,0.04402746947835736,absolute performance
S1_0.1,F5-F2,failure_precision,-0.012584933530280645,-0.022627387869117277,-0.0025061461647643748,absolute performance
S1_0.1,F5-F2,Brier,0.002101047797662653,0.0007182659963407272,0.0035585075926816345,absolute performance
S1_0.1,F5-F2,ECE,-0.0006742507195924598,-0.010908872637039522,0.006293807517415184,absolute performance
S1_0.1,F6-F2,AUROC,-0.0187434436790348,-0.028179677843081802,-0.009784665925439168,absolute performance
S1_0.1,F6-F2,AUPRC,-0.019932290100094563,-0.033245117302885,-0.006540366681539427,absolute performance
S1_0.1,F6-F2,balanced_accuracy,-0.010096551063693449,-0.023340023148990627,0.0020868591643759394,absolute performance
S1_0.1,F6-F2,macro_F1,0.0017003027267250559,-0.008456269527329538,0.011763683282050899,absolute performance
S1_0.1,F6-F2,failure_recall,-0.035363457760314354,-0.06365503080082136,-0.008027403732577383,absolute performance
S1_0.1,F6-F2,failure_precision,0.0021690862510674314,-0.00956197829407069,0.013790141165504347,absolute performance
S1_0.1,F6-F2,Brier,0.001952727831525114,0.0006099801852867251,0.0033260044360580187,absolute performance
S1_0.1,F6-F2,ECE,-0.0011221458302378869,-0.010387545468933165,0.005935015629263102,absolute performance
S1_0.1,F2-U1,AUROC,0.020667526917865886,0.011809080256074736,0.029997738973748207,absolute performance
S1_0.1,F2-U1,AUPRC,0.021420020804943207,0.012271769265250976,0.031161742146089497,absolute performance
S1_0.1,F2-U1,balanced_accuracy,0.00457617156294865,-0.008941868458973453,0.01825233772947755,absolute performance
S1_0.1,F2-U1,macro_F1,0.013938506048196575,0.004691302185057908,0.02305906664599126,absolute performance
S1_0.1,F2-U1,failure_recall,-0.015717092337917515,-0.04234861800385996,0.010969082609120162,absolute performance
S1_0.1,F2-U1,failure_precision,0.014786450662739342,0.004393234305526659,0.024780731993049736,absolute performance
S1_0.1,F2-U1,Brier,-0.00203511073197013,-0.00312613409550877,-0.0009478006967500862,absolute performance
S1_0.1,F2-U1,ECE,-0.0020129883644586094,-0.011273002341591445,0.008814496319595256,absolute performance
S1_0.1,F5-F2,AUROC,0.0030585985462373566,-0.003937100385284234,0.00996325097319553,degradation advantage
S1_0.1,F5-F2,AUPRC,-0.020318820555455475,-0.036699343489541784,-0.0033482343269044495,degradation advantage
S1_0.1,F5-F2,balanced_accuracy,0.009760886974034655,-0.0037295810567205987,0.02337108025651209,degradation advantage
S1_0.1,F5-F2,macro_F1,0.0015517962969114896,-0.00900893896173656,0.012460509332408285,degradation advantage
S1_0.1,F5-F2,failure_recall,0.029469548133595258,0.004235090372037404,0.05544572756721148,degradation advantage
S1_0.1,F5-F2,failure_precision,0.0047480289363202866,-0.007793535331293135,0.017449948051839113,degradation advantage
S1_0.1,F5-F2,Brier,-9.60970135301803e-05,-0.0008811845418278525,0.0007085698287796979,degradation advantage
S1_0.1,F5-F2,ECE,0.0005687549190288299,-0.009288922654138344,0.008121819855466486,degradation advantage
S1_0.1,F6-F2,AUROC,0.0007016210083700125,-0.006084216542559704,0.0072012811361165776,degradation advantage
S1_0.1,F6-F2,AUPRC,-0.013989629289873573,-0.02835541659993248,-0.000980053591362525,degradation advantage
S1_0.1,F6-F2,balanced_accuracy,-0.0002736126495035407,-0.012953360677169207,0.013025301367044157,degradation advantage
S1_0.1,F6-F2,macro_F1,-0.0027212402054395124,-0.013516953484833023,0.0077959635535305065,degradation advantage
S1_0.1,F6-F2,failure_recall,0.003929273084479323,-0.01914930684261258,0.027987694952205194,degradation advantage
S1_0.1,F6-F2,failure_precision,-0.00705437043105428,-0.02076078139098533,0.006300961667271496,degradation advantage
S1_0.1,F6-F2,Brier,-0.00031518574843429625,-0.000982603561543192,0.0004072308789240388,degradation advantage
S1_0.1,F6-F2,ECE,0.0003163040603830769,-0.008801301283308909,0.008085994452609619,degradation advantage
S1_0.1,F2-U1,AUROC,0.005023723682494152,0.0029090505406306503,0.007367363212027856,degradation advantage
S1_0.1,F2-U1,AUPRC,0.0035133387324807197,5.853689926573759e-05,0.00661963352117104,degradation advantage
S1_0.1,F2-U1,balanced_accuracy,-0.0015417584205514867,-0.013317767171420478,0.01067028267578442,degradation advantage
S1_0.1,F2-U1,macro_F1,0.0022700064369169937,-0.00761728387155117,0.01274873872121871,degradation advantage
S1_0.1,F2-U1,failure_recall,-0.011787819253438081,-0.032401216220966415,0.010152542198010843,degradation advantage
S1_0.1,F2-U1,failure_precision,-0.000730561895531362,-0.012400584828123893,0.011320743181792974,degradation advantage
S1_0.1,F2-U1,Brier,-2.99752375757939e-05,-0.0003286041975742806,0.00026728779821897736,degradation advantage
S1_0.1,F2-U1,ECE,0.0015707010120205745,-0.009290407839636456,0.00869756620286289,degradation advantage
S1_0.5,F5-F2,AUROC,-0.01621301526514296,-0.02382267557501456,-0.009014445187093621,absolute performance
S1_0.5,F5-F2,AUPRC,-0.024865477949125914,-0.03966602223342085,-0.007973342963775377,absolute performance
S1_0.5,F5-F2,balanced_accuracy,-0.003991568821642977,-0.013701892296279461,0.00545464790054253,absolute performance
S1_0.5,F5-F2,macro_F1,-0.006457996987555281,-0.01409181122272458,0.0011970407447100546,absolute performance
S1_0.5,F5-F2,failure_recall,0.0019646365422397727,-0.014983389407308695,0.019232625482625405,absolute performance
S1_0.5,F5-F2,failure_precision,-0.001520568075268125,-0.00451516126932776,0.001464360567832951,absolute performance
S1_0.5,F5-F2,Brier,-0.02938505773110736,-0.034703501543495906,-0.024108593385442814,absolute performance
S1_0.5,F5-F2,ECE,-0.02868781841523224,-0.036376211317974416,-0.021154689968156292,absolute performance
S1_0.5,F6-F2,AUROC,-0.016442165859102076,-0.023932261601711753,-0.009220252345327504,absolute performance
S1_0.5,F6-F2,AUPRC,-0.019993703101137517,-0.03398148285390006,-0.004185527645806333,absolute performance
S1_0.5,F6-F2,balanced_accuracy,0.0025494835805538463,-0.008364861019230114,0.013143400791004777,absolute performance
S1_0.5,F6-F2,macro_F1,0.018490338253622174,0.009094786772432873,0.02815569391947548,absolute performance
S1_0.5,F6-F2,failure_recall,-0.029469548133595258,-0.05078290519067796,-0.009899528338660549,absolute performance
S1_0.5,F6-F2,failure_precision,0.002184180924098833,-0.0013763847756749215,0.005779336551272417,absolute performance
S1_0.5,F6-F2,Brier,-0.03212754532785039,-0.03788163172745936,-0.026520713042074002,absolute performance
S1_0.5,F6-F2,ECE,-0.03524561505477267,-0.043570731794054136,-0.02662683533415417,absolute performance
S1_0.5,F2-U1,AUROC,0.023652836361557683,0.018349375610561915,0.029160300287872108,absolute performance
S1_0.5,F2-U1,AUPRC,0.02914002369204355,0.0164321607935603,0.03997821213825447,absolute performance
S1_0.5,F2-U1,balanced_accuracy,0.018018125860841505,0.008810181097569264,0.02720341545339131,absolute performance
S1_0.5,F2-U1,macro_F1,0.034579830269152234,0.027495677298039083,0.04164904364447307,absolute performance
S1_0.5,F2-U1,failure_recall,-0.017681728880157177,-0.03434379966025536,-0.002044885438838063,absolute performance
S1_0.5,F2-U1,failure_precision,0.006791951553673153,0.003979688700752123,0.009556995734929092,absolute performance
S1_0.5,F2-U1,Brier,0.0123844021464187,0.009013933693547003,0.015956619422626706,absolute performance
S1_0.5,F2-U1,ECE,-0.0039018864378620177,-0.01037526840337374,0.002482833184483751,absolute performance
S1_0.5,F5-F2,AUROC,0.00276837370015659,-0.008347252389838425,0.014166408785349626,degradation advantage
S1_0.5,F5-F2,AUPRC,-0.022116220523473507,-0.04180643919158976,-0.0005744056829550171,degradation advantage
S1_0.5,F5-F2,balanced_accuracy,0.0076347701091862286,-0.007342148148974137,0.022611205069447596,degradation advantage
S1_0.5,F5-F2,macro_F1,0.006973627227767676,-0.005140138603346435,0.018714176472659563,degradation advantage
S1_0.5,F5-F2,failure_recall,0.011787819253438192,-0.01751143756079771,0.041277367005953455,degradation advantage
S1_0.5,F5-F2,failure_precision,0.015812394391332807,0.002705176018919101,0.02816419966230044,degradation advantage
S1_0.5,F5-F2,Brier,-0.031582202542300195,-0.03706558214018232,-0.026307865096928486,degradation advantage
S1_0.5,F5-F2,ECE,-0.027444812776610955,-0.039756089285885365,-0.015212130745759774,degradation advantage
S1_0.5,F6-F2,AUROC,0.003002898828302736,-0.0073232559278888585,0.013387327488212359,degradation advantage
S1_0.5,F6-F2,AUPRC,-0.014051042290916527,-0.03196118664356322,0.006324871796544533,degradation advantage
S1_0.5,F6-F2,balanced_accuracy,0.012372421994743754,-0.003993635638305221,0.028971648043105556,degradation advantage
S1_0.5,F6-F2,macro_F1,0.014068795321457606,0.0012124243220233326,0.027124205659760883,degradation advantage
S1_0.5,F6-F2,failure_recall,0.00982318271119842,-0.022276564051638463,0.03984082644753063,degradation advantage
S1_0.5,F6-F2,failure_precision,-0.007039275758022878,-0.021128842371885087,0.006176294744689689,degradation advantage
S1_0.5,F6-F2,Brier,-0.0343954589078098,-0.040100640706172884,-0.02872456653645176,degradation advantage
S1_0.5,F6-F2,ECE,-0.03380716516415172,-0.046284104791647566,-0.021506905859556346,degradation advantage
S1_0.5,F2-U1,AUROC,0.00800903312618595,7.232875635289626e-05,0.01619055202977624,degradation advantage
S1_0.5,F2-U1,AUPRC,0.011233341619581061,-0.0007489263133582813,0.020899896069194606,degradation advantage
S1_0.5,F2-U1,balanced_accuracy,0.011900195877341369,-0.0022705655195663253,0.026749657823122365,degradation advantage
S1_0.5,F2-U1,macro_F1,0.022911330657872653,0.01276019627946342,0.033846486574668475,degradation advantage
S1_0.5,F2-U1,failure_recall,-0.013752455795677743,-0.04051440778973331,0.013426395608969318,degradation advantage
S1_0.5,F2-U1,failure_precision,-0.00872506100459755,-0.019543191802310664,0.002382555846650964,degradation advantage
S1_0.5,F2-U1,Brier,0.014389537640813035,0.010977299544381158,0.017889967089937762,degradation advantage
S1_0.5,F2-U1,ECE,-0.00031819706138283554,-0.015538377615948612,0.010658659352118708,degradation advantage
S1_1.0,F5-F2,AUROC,-0.015221658004708982,-0.025772336163080535,-0.0048844553994841396,absolute performance
S1_1.0,F5-F2,AUPRC,-0.0469021415003561,-0.07053112080020899,-0.020669087812841068,absolute performance
S1_1.0,F5-F2,balanced_accuracy,0.008070107378307045,0.0004944135463458094,0.016116307339603658,absolute performance
S1_1.0,F5-F2,macro_F1,0.011738709451340201,0.005827706110674728,0.018026362493840174,absolute performance
S1_1.0,F5-F2,failure_recall,0.0019646365422396617,-0.011539017341040422,0.01681269098548501,absolute performance
S1_1.0,F5-F2,failure_precision,0.0020628303262256176,0.00024020699901794695,0.0040117615080910276,absolute performance
S1_1.0,F5-F2,Brier,-0.10978109509871659,-0.12023204170409461,-0.09961752387564579,absolute performance
S1_1.0,F5-F2,ECE,-0.08943050485082793,-0.10032594438437167,-0.0803664246770141,absolute performance
S1_1.0,F6-F2,AUROC,-0.011483913774882115,-0.022438461655783965,-0.001325633383420618,absolute performance
S1_1.0,F6-F2,AUPRC,-0.04339100681849087,-0.06717519034075346,-0.017373522572138346,absolute performance
S1_1.0,F6-F2,balanced_accuracy,0.01124108254844769,0.0030112205478100397,0.019585288399905844,absolute performance
S1_1.0,F6-F2,macro_F1,0.023370748857584223,0.015708719295516413,0.031938160296782946,absolute performance
S1_1.0,F6-F2,failure_recall,-0.007858546168958758,-0.021400778210116767,0.006037441688671617,absolute performance
S1_1.0,F6-F2,failure_precision,0.0030180520083584877,0.0010026497549977709,0.005075751903727182,absolute performance
S1_1.0,F6-F2,Brier,-0.1231824897107946,-0.13452813369700903,-0.11093810512407472,absolute performance
S1_1.0,F6-F2,ECE,-0.1046190685434118,-0.11748050587059441,-0.09303505775945729,absolute performance
S1_1.0,F2-U1,AUROC,0.027071528698302427,0.021411927855717997,0.033545906123315254,absolute performance
S1_1.0,F2-U1,AUPRC,0.05844996201685512,0.03405969523509418,0.08359899570838913,absolute performance
S1_1.0,F2-U1,balanced_accuracy,0.0023130040763398307,-0.00401188426320698,0.008321884274326754,absolute performance
S1_1.0,F2-U1,macro_F1,0.012163653527656665,0.008029481857214284,0.016348767960376757,absolute performance
S1_1.0,F2-U1,failure_recall,-0.011787819253438192,-0.023438646648727985,-0.0018616829737543889,absolute performance
S1_1.0,F2-U1,failure_precision,0.000670610310440814,-0.0008384220187669739,0.0021470170924817377,absolute performance
S1_1.0,F2-U1,Brier,0.041296574131867436,0.03689480217523946,0.045765530181596945,absolute performance
S1_1.0,F2-U1,ECE,0.019991514142332467,0.015820384476491523,0.026355454347522657,absolute performance
S1_1.0,F5-F2,AUROC,0.003759730960590568,-0.010893481263538174,0.01858533502110457,degradation advantage
S1_1.0,F5-F2,AUPRC,-0.04415288407470369,-0.07009971264244483,-0.017415221924882936,degradation advantage
S1_1.0,F5-F2,balanced_accuracy,0.01969644630913625,0.004299663220520588,0.03532047260832064,degradation advantage
S1_1.0,F5-F2,macro_F1,0.02517033366666316,0.013562657316127583,0.036366906730256686,degradation advantage
S1_1.0,F5-F2,failure_recall,0.011787819253438081,-0.016530640238674996,0.04061332610516977,degradation advantage
S1_1.0,F5-F2,failure_precision,0.01939579279282655,0.006273737468463456,0.032143672889049076,degradation advantage
S1_1.0,F5-F2,Brier,-0.1119782399099094,-0.12230782216835721,-0.10182895184767068,degradation advantage
S1_1.0,F5-F2,ECE,-0.08818749921220664,-0.10213414172667493,-0.07600984938171915,degradation advantage
S1_1.0,F6-F2,AUROC,0.007961150912522696,-0.0061840660611384045,0.02201593619704247,degradation advantage
S1_1.0,F6-F2,AUPRC,-0.03744834600826985,-0.06219272567759225,-0.010349455235835145,degradation advantage
S1_1.0,F6-F2,balanced_accuracy,0.021064020962637597,0.0061236727096610375,0.036336941194038054,degradation advantage
S1_1.0,F6-F2,macro_F1,0.018949205925419654,0.007305691135307243,0.03150653533801591,degradation advantage
S1_1.0,F6-F2,failure_recall,0.03143418467583492,0.0021449062570589985,0.06005003828065172,degradation advantage
S1_1.0,F6-F2,failure_precision,-0.00620540467376321,-0.01981724513861766,0.00700275899364832,degradation advantage
S1_1.0,F6-F2,Brier,-0.12545040329075402,-0.13713324972080565,-0.11337246300642671,degradation advantage
S1_1.0,F6-F2,ECE,-0.10318061865279082,-0.11838074081435587,-0.08947725281694839,degradation advantage
S1_1.0,F2-U1,AUROC,0.011427725462930693,0.001493017053951712,0.021644629116173725,degradation advantage
S1_1.0,F2-U1,AUPRC,0.04054327994439266,0.01939649864175828,0.06131580328296995,degradation advantage
S1_1.0,F2-U1,balanced_accuracy,-0.003804925907160306,-0.016000091971415564,0.009348548287118992,degradation advantage
S1_1.0,F2-U1,macro_F1,0.0004951539163770557,-0.008668678420058484,0.010084253365350253,degradation advantage
S1_1.0,F2-U1,failure_recall,-0.007858546168958758,-0.032198497067448706,0.018367722088835532,degradation advantage
S1_1.0,F2-U1,failure_precision,-0.014846402247829904,-0.025894103502771146,-0.0031306495821952175,degradation advantage
S1_1.0,F2-U1,Brier,0.04330170962626173,0.03866847126701013,0.048019992964644244,degradation advantage
S1_1.0,F2-U1,ECE,0.02357520351881165,0.010015809838572124,0.034963134827865956,degradation advantage
S2_0.1,F5-F2,AUROC,-0.024666668946772052,-0.03652083296696255,-0.012051753524502535,absolute performance
S2_0.1,F5-F2,AUPRC,-0.047660395826293334,-0.07796019080121766,-0.018093183716083948,absolute performance
S2_0.1,F5-F2,balanced_accuracy,-0.028251727546295458,-0.04399018308208535,-0.0106792085817188,absolute performance
S2_0.1,F5-F2,macro_F1,-0.04403010939274499,-0.056233129647395644,-0.031589887282475984,absolute performance
S2_0.1,F5-F2,failure_recall,0.003929273084479434,-0.027637266385413573,0.03789602913533828,absolute performance
S2_0.1,F5-F2,failure_precision,-0.05199650566010264,-0.0665190114767842,-0.03788160288578693,absolute performance
S2_0.1,F5-F2,Brier,0.0050653933633448,0.002834031374494458,0.007153651803620189,absolute performance
S2_0.1,F5-F2,ECE,0.004261489333817104,-0.009279355139900587,0.011284142672828096,absolute performance
S2_0.1,F6-F2,AUROC,-0.029343490877216882,-0.043723801260550484,-0.015251954001185748,absolute performance
S2_0.1,F6-F2,AUPRC,-0.04762613875468075,-0.07944336894456994,-0.01625485049109329,absolute performance
S2_0.1,F6-F2,balanced_accuracy,-0.03550075267908315,-0.05456581319280478,-0.01675962776100231,absolute performance
S2_0.1,F6-F2,macro_F1,-0.039555090342775046,-0.05380337094394835,-0.02531477923855182,absolute performance
S2_0.1,F6-F2,failure_recall,-0.029469548133595258,-0.06762642222371826,0.008496704993520255,absolute performance
S2_0.1,F6-F2,failure_precision,-0.04788936411772188,-0.06582653413760993,-0.03072911522691811,absolute performance
S2_0.1,F6-F2,Brier,0.00560152373564049,0.0031482200713146722,0.008130960043841414,absolute performance
S2_0.1,F6-F2,ECE,0.0065310706465759195,-0.007875278779489452,0.012890114091906341,absolute performance
S2_0.1,F2-U1,AUROC,0.01840093927313835,0.008812133183386786,0.02848102545101404,absolute performance
S2_0.1,F2-U1,AUPRC,0.022240739745728655,0.012740508499763794,0.033586389418415644,absolute performance
S2_0.1,F2-U1,balanced_accuracy,0.009251527711342522,-0.0008261115365876703,0.019516056693710555,absolute performance
S2_0.1,F2-U1,macro_F1,0.018263566021310407,0.009938183498588552,0.0266241082795725,absolute performance
S2_0.1,F2-U1,failure_recall,-0.007858546168958758,-0.027524200620615273,0.013183296023878074,absolute performance
S2_0.1,F2-U1,failure_precision,0.02338707225875747,0.013248702163941427,0.03394858354943896,absolute performance
S2_0.1,F2-U1,Brier,-0.002144686770161733,-0.0032918859194231266,-0.001019052739053861,absolute performance
S2_0.1,F2-U1,ECE,-0.004141491976870098,-0.013194823286382551,0.010089521220820208,absolute performance
S2_0.1,F5-F2,AUROC,-0.005685279981472502,-0.020863886362888745,0.010343561555259439,degradation advantage
S2_0.1,F5-F2,AUPRC,-0.044911138400640926,-0.07758662010994087,-0.008715412400757929,degradation advantage
S2_0.1,F5-F2,balanced_accuracy,-0.016625388615466252,-0.035284791475656094,0.0033852327027244127,degradation advantage
S2_0.1,F5-F2,macro_F1,-0.03059848517742203,-0.045138577037974914,-0.015605406243310496,degradation advantage
S2_0.1,F5-F2,failure_recall,0.013752455795677854,-0.02178192854715429,0.05276746193926848,degradation advantage
S2_0.1,F5-F2,failure_precision,-0.034663543193501706,-0.05290186006204218,-0.016945834652934987,degradation advantage
S2_0.1,F5-F2,Brier,0.002868248552151967,0.0008115815141869906,0.004812756902342258,degradation advantage
S2_0.1,F5-F2,ECE,0.005504494972438394,-0.007677730204336776,0.012010131941247471,degradation advantage
S2_0.1,F6-F2,AUROC,-0.00989842618981207,-0.026988951473396156,0.007733302022096655,degradation advantage
S2_0.1,F6-F2,AUPRC,-0.04168347794445976,-0.07555108700009514,-0.009531409945105162,degradation advantage
S2_0.1,F6-F2,balanced_accuracy,-0.02567781426489324,-0.04771563250400136,-0.003641283183153657,degradation advantage
S2_0.1,F6-F2,macro_F1,-0.043976633274939614,-0.061302502321768836,-0.026883587933399074,degradation advantage
S2_0.1,F6-F2,failure_recall,0.00982318271119842,-0.03411811598378771,0.05105652532214563,degradation advantage
S2_0.1,F6-F2,failure_precision,-0.05711282079984359,-0.07914823772682664,-0.03568854070108065,degradation advantage
S2_0.1,F6-F2,Brier,0.00333361015568108,0.0011737268650514215,0.005496133232575554,degradation advantage
S2_0.1,F6-F2,ECE,0.007969520537196883,-0.006651869136457374,0.014009230449861559,degradation advantage
S2_0.1,F2-U1,AUROC,0.0027571360377666165,-0.0003972144649345005,0.006108631062496766,degradation advantage
S2_0.1,F2-U1,AUPRC,0.004334057673266167,-0.0008343710113858343,0.00879882135153223,degradation advantage
S2_0.1,F2-U1,balanced_accuracy,0.0031335977278423854,-0.009191067428033176,0.016020235800998515,degradation advantage
S2_0.1,F2-U1,macro_F1,0.006595066410030825,-0.0034353712106987623,0.016882552130364197,degradation advantage
S2_0.1,F2-U1,failure_recall,-0.003929273084479323,-0.02669679713795805,0.02123861378715742,degradation advantage
S2_0.1,F2-U1,failure_precision,0.007870059700486765,-0.004540793808041674,0.02083648692902041,degradation advantage
S2_0.1,F2-U1,Brier,-0.00013955127576739668,-0.0006669443361684776,0.00037193246391262614,degradation advantage
S2_0.1,F2-U1,ECE,-0.0005578026003909137,-0.010381562117108905,0.010043293134854494,degradation advantage
S2_0.3,F5-F2,AUROC,-0.006947806921325239,-0.018556517209488834,0.003934013058679409,absolute performance
S2_0.3,F5-F2,AUPRC,-0.00959396547433794,-0.029696199468224424,0.00999491704040481,absolute performance
S2_0.3,F5-F2,balanced_accuracy,-0.0042532109177308985,-0.020450720033661964,0.01170787687019562,absolute performance
S2_0.3,F5-F2,macro_F1,-0.025386623937023844,-0.03682692698639683,-0.013345191954178784,absolute performance
S2_0.3,F5-F2,failure_recall,0.04322200392927311,0.013010548930623266,0.07356017270609465,absolute performance
S2_0.3,F5-F2,failure_precision,-0.02721145654316881,-0.04070642364543179,-0.013916503581242483,absolute performance
S2_0.3,F5-F2,Brier,0.0018328673952892338,0.00017042123762498057,0.003415343004669437,absolute performance
S2_0.3,F5-F2,ECE,-0.0024126465471061807,-0.012934748723664279,0.009263158413267693,absolute performance
S2_0.3,F6-F2,AUROC,-0.01894327863197587,-0.033060506948787934,-0.00560895223248697,absolute performance
S2_0.3,F6-F2,AUPRC,-0.03701672837657016,-0.056444584355932734,-0.01623961766706404,absolute performance
S2_0.3,F6-F2,balanced_accuracy,-0.019485129396796363,-0.03728733829722425,-0.0013883686791584487,absolute performance
S2_0.3,F6-F2,macro_F1,-0.025334162833109297,-0.03816655660829197,-0.012558898490944916,absolute performance
S2_0.3,F6-F2,failure_recall,-0.005893909626719096,-0.042262902459159986,0.031125102516422903,absolute performance
S2_0.3,F6-F2,failure_precision,-0.02871331971170532,-0.04386959376930463,-0.014251008096496865,absolute performance
S2_0.3,F6-F2,Brier,0.003323596984637217,0.0017054583905068612,0.005012836390431983,absolute performance
S2_0.3,F6-F2,ECE,-0.002994765450458379,-0.01349197964346433,0.00910903636694066,absolute performance
S2_0.3,F2-U1,AUROC,0.029586810697668442,0.018369072913782866,0.041167022085964365,absolute performance
S2_0.3,F2-U1,AUPRC,0.032180009130042375,0.022031154443940194,0.0427043892414758,absolute performance
S2_0.3,F2-U1,balanced_accuracy,0.023439320776141304,0.010774948502650821,0.036440989758508936,absolute performance
S2_0.3,F2-U1,macro_F1,0.029122670256460315,0.019214107773047575,0.038497592354692,absolute performance
S2_0.3,F2-U1,failure_recall,0.00982318271119842,-0.014440992630605456,0.036198956294846686,absolute performance
S2_0.3,F2-U1,failure_precision,0.03276251307747369,0.021712976116374218,0.04391456105292239,absolute performance
S2_0.3,F2-U1,Brier,-0.0026317024528255822,-0.0036494830629047537,-0.0016726561791424964,absolute performance
S2_0.3,F2-U1,ECE,0.0034776585615232426,-0.009258196827446991,0.014250183378294081,absolute performance
S2_0.3,F5-F2,AUROC,0.012033582043974311,6.573494367755623e-05,0.024754904390208485,degradation advantage
S2_0.3,F5-F2,AUPRC,-0.006844708048685533,-0.02963775365797993,0.017745067833759266,degradation advantage
S2_0.3,F5-F2,balanced_accuracy,0.007373128013098307,-0.011972842286197176,0.027408992409363855,degradation advantage
S2_0.3,F5-F2,macro_F1,-0.011954999721700887,-0.02586467332510025,0.0014992623060983078,degradation advantage
S2_0.3,F5-F2,failure_recall,0.05304518664047153,0.016129032258064502,0.09218583918360838,degradation advantage
S2_0.3,F5-F2,failure_precision,-0.009878494076567879,-0.026033723680565106,0.0060898856589837605,degradation advantage
S2_0.3,F5-F2,Brier,-0.0003642774159035994,-0.0021207364259740284,0.0013035575385946165,degradation advantage
S2_0.3,F5-F2,ECE,-0.001169640908484891,-0.013534324675043952,0.010739010858737788,degradation advantage
S2_0.3,F6-F2,AUROC,0.0005017860554289433,-0.01382305689209996,0.01423761220493876,degradation advantage
S2_0.3,F6-F2,AUPRC,-0.031074067566349173,-0.05412029624876958,-0.00649166476107316,degradation advantage
S2_0.3,F6-F2,balanced_accuracy,-0.009662190982606456,-0.03128379670133773,0.01084199168888371,degradation advantage
S2_0.3,F6-F2,macro_F1,-0.029755705765273865,-0.04458477629649634,-0.015188746820620304,degradation advantage
S2_0.3,F6-F2,failure_recall,0.03339882121807458,-0.00756287694661982,0.07500247035573128,degradation advantage
S2_0.3,F6-F2,failure_precision,-0.03793677639382703,-0.05667346988093037,-0.02000997177509438,degradation advantage
S2_0.3,F6-F2,Brier,0.0010556834046778069,-0.000734048188286484,0.002865631680143772,degradation advantage
S2_0.3,F6-F2,ECE,-0.001556315559837415,-0.014233009497628787,0.010438730764871085,degradation advantage
S2_0.3,F2-U1,AUROC,0.013943007462296708,0.007612408791493083,0.02144544880544673,degradation advantage
S2_0.3,F2-U1,AUPRC,0.014273327057579888,0.007652188288924231,0.02049819534404866,degradation advantage
S2_0.3,F2-U1,balanced_accuracy,0.017321390792641167,0.0030650865947420723,0.03245225831089637,degradation advantage
S2_0.3,F2-U1,macro_F1,0.017454170645180733,0.006423769437423868,0.02863721793286363,degradation advantage
S2_0.3,F2-U1,failure_recall,0.013752455795677854,-0.012175404111164525,0.04251002619086589,degradation advantage
S2_0.3,F2-U1,failure_precision,0.017245500519202983,0.004260464761702365,0.03086297660076865,degradation advantage
S2_0.3,F2-U1,Brier,-0.0006265669584312461,-0.0014341528272054937,0.00022010623412898532,degradation advantage
S2_0.3,F2-U1,ECE,0.0070613479380024265,-0.00883107996689562,0.0172644122156057,degradation advantage
S2_0.5,F5-F2,AUROC,-0.004783824020161309,-0.013087848907832947,0.0026232044096198824,absolute performance
S2_0.5,F5-F2,AUPRC,-0.0014585183986753902,-0.020367762292702894,0.017306181277728736,absolute performance
S2_0.5,F5-F2,balanced_accuracy,-0.008481014946579601,-0.022626367762352134,0.006031122293382453,absolute performance
S2_0.5,F5-F2,macro_F1,-0.03066777139618526,-0.040417657190624866,-0.020472982318768568,absolute performance
S2_0.5,F5-F2,failure_recall,0.04322200392927311,0.015266448564158402,0.07218741724623338,absolute performance
S2_0.5,F5-F2,failure_precision,-0.031991384658015626,-0.04292915638547194,-0.021277436531474403,absolute performance
S2_0.5,F5-F2,Brier,-0.00012904150337773868,-0.0017044602012458595,0.0014968827145117338,absolute performance
S2_0.5,F5-F2,ECE,-0.0029181210347440003,-0.013033840872084538,0.006792880523997827,absolute performance
S2_0.5,F6-F2,AUROC,-0.007905451194587965,-0.022271067007151518,0.006349942636049054,absolute performance
S2_0.5,F6-F2,AUPRC,-0.0184182635242498,-0.04102086622706949,0.004418078816170812,absolute performance
S2_0.5,F6-F2,balanced_accuracy,-0.011775848700022351,-0.02988282848682898,0.006774145631217492,absolute performance
S2_0.5,F6-F2,macro_F1,-0.022741703564495452,-0.03530336716476872,-0.010019749342480892,absolute performance
S2_0.5,F6-F2,failure_recall,0.013752455795677854,-0.02310954728712297,0.054476476830562344,absolute performance
S2_0.5,F6-F2,failure_precision,-0.025309256556784537,-0.039377855596427785,-0.010860999812474355,absolute performance
S2_0.5,F6-F2,Brier,0.0007072463925127531,-0.0010457393813282513,0.0024563942163224888,absolute performance
S2_0.5,F6-F2,ECE,-0.00187064279394792,-0.012547466015672358,0.00827943165261798,absolute performance
S2_0.5,F2-U1,AUROC,0.03970950154126984,0.02729980690940588,0.05210308060691015,absolute performance
S2_0.5,F2-U1,AUPRC,0.03584480858119449,0.02548758537211364,0.04741327003367848,absolute performance
S2_0.5,F2-U1,balanced_accuracy,0.03071350850080301,0.015265672134187966,0.04657834409753779,absolute performance
S2_0.5,F2-U1,macro_F1,0.034688899709932164,0.023232611641451476,0.04614801584608448,absolute performance
S2_0.5,F2-U1,failure_recall,0.01964636542239684,-0.008960975656840628,0.04958718680309595,absolute performance
S2_0.5,F2-U1,failure_precision,0.03863296435227298,0.02564089477941368,0.051589774924838246,absolute performance
S2_0.5,F2-U1,Brier,-0.0020032494331446854,-0.003004360110511192,-0.0010305312651102546,absolute performance
S2_0.5,F2-U1,ECE,0.0014668966545870344,-0.010704008094863882,0.012065640488845656,absolute performance
S2_0.5,F5-F2,AUROC,0.014197564945138241,0.002438839560345096,0.025997572228835204,degradation advantage
S2_0.5,F5-F2,AUPRC,0.001290739026977017,-0.024710635913470645,0.0287219067543495,degradation advantage
S2_0.5,F5-F2,balanced_accuracy,0.003145323984249604,-0.01568863855165182,0.022827259196763212,degradation advantage
S2_0.5,F5-F2,macro_F1,-0.017236147180862305,-0.03083639895585634,-0.0037751381995850325,degradation advantage
S2_0.5,F5-F2,failure_recall,0.05304518664047153,0.01662456467356649,0.09224318658280917,degradation advantage
S2_0.5,F5-F2,failure_precision,-0.014658422191414694,-0.03093198121839329,0.0017979554814485307,degradation advantage
S2_0.5,F5-F2,Brier,-0.002326186314570572,-0.004204033195873778,-0.0005058999309111251,degradation advantage
S2_0.5,F5-F2,ECE,-0.0016751153961227106,-0.013345561949371943,0.009796538799970807,degradation advantage
S2_0.5,F6-F2,AUROC,0.011539613492816847,-0.006182587542645201,0.02830628788107596,degradation advantage
S2_0.5,F6-F2,AUPRC,-0.01247560271402881,-0.03945603072696923,0.01590086357989619,degradation advantage
S2_0.5,F6-F2,balanced_accuracy,-0.0019529102858324432,-0.023840461611033082,0.020286516429239777,degradation advantage
S2_0.5,F6-F2,macro_F1,-0.02716324649666002,-0.042578974146932125,-0.011263670871136767,degradation advantage
S2_0.5,F6-F2,failure_recall,0.05304518664047153,0.008770022883295111,0.09762124578608639,degradation advantage
S2_0.5,F6-F2,failure_precision,-0.03453271323890625,-0.05347524166966263,-0.01573272112831128,degradation advantage
S2_0.5,F6-F2,Brier,-0.0015606671874466571,-0.003568925887752174,0.00025860234617330446,degradation advantage
S2_0.5,F6-F2,ECE,-0.0004321929033269563,-0.01299491959273316,0.011872280241973268,degradation advantage
S2_0.5,F2-U1,AUROC,0.02406569830589811,0.012899592604073177,0.03563830885207563,degradation advantage
S2_0.5,F2-U1,AUPRC,0.017938126508732,0.010487873364978622,0.024336724274489706,degradation advantage
S2_0.5,F2-U1,balanced_accuracy,0.024595578517302874,0.006696146566741468,0.04314788978180345,degradation advantage
S2_0.5,F2-U1,macro_F1,0.023020400098652583,0.009947851094168231,0.03639894474497424,degradation advantage
S2_0.5,F2-U1,failure_recall,0.023575638506876273,-0.007576477704804588,0.05607739157828415,degradation advantage
S2_0.5,F2-U1,failure_precision,0.023115951794002276,0.007978058390580082,0.038897018158610616,degradation advantage
S2_0.5,F2-U1,Brier,1.886061249650739e-06,-0.0007752508728398746,0.0007864918247229083,degradation advantage
S2_0.5,F2-U1,ECE,0.005050586031066218,-0.011174211261660842,0.01577662052906153,degradation advantage
S3_0.1,F5-F2,AUROC,-0.005257760216623053,-0.014143479085284535,0.0027039598690884225,absolute performance
S3_0.1,F5-F2,AUPRC,-0.009986133608789027,-0.025378098242128732,0.006641658865468851,absolute performance
S3_0.1,F5-F2,balanced_accuracy,0.002710475309145699,-0.00741145391892741,0.014054806948388164,absolute performance
S3_0.1,F5-F2,macro_F1,-0.007291820566778906,-0.01596385070804051,0.0013563678968020877,absolute performance
S3_0.1,F5-F2,failure_recall,0.023575638506876273,0.002118420582135447,0.04457492098683896,absolute performance
S3_0.1,F5-F2,failure_precision,-0.009133548156104565,-0.019453905245938437,0.0009930131336602238,absolute performance
S3_0.1,F5-F2,Brier,0.0022696115392533273,0.0006788276485103012,0.0038940378250959203,absolute performance
S3_0.1,F5-F2,ECE,0.006978749475470825,-0.006117489617310235,0.014817196271006553,absolute performance
S3_0.1,F6-F2,AUROC,-0.022664899259242755,-0.03713374199719435,-0.010738947570025236,absolute performance
S3_0.1,F6-F2,AUPRC,-0.03456704315446929,-0.05870300078424134,-0.010555788697773372,absolute performance
S3_0.1,F6-F2,balanced_accuracy,-0.02125066387712049,-0.039180659509302065,-0.004707934090441018,absolute performance
S3_0.1,F6-F2,macro_F1,-0.02154557738151719,-0.03375635764248576,-0.009617345031091415,absolute performance
S3_0.1,F6-F2,failure_recall,-0.0216110019646365,-0.057440844729191365,0.01107425680998377,absolute performance
S3_0.1,F6-F2,failure_precision,-0.02548632504592066,-0.03992622513125867,-0.0116221370401985,absolute performance
S3_0.1,F6-F2,Brier,0.004235563628185238,0.002129188393252455,0.006540745688852021,absolute performance
S3_0.1,F6-F2,ECE,0.001980510717552633,-0.009571043054622936,0.011520916365033718,absolute performance
S3_0.1,F2-U1,AUROC,0.016854050615408456,0.007623876331628826,0.026387630767872622,absolute performance
S3_0.1,F2-U1,AUPRC,0.02240442162434031,0.013205705210892664,0.031940706226282964,absolute performance
S3_0.1,F2-U1,balanced_accuracy,0.0002364795042139045,-0.011613371797264696,0.011257423181757842,absolute performance
S3_0.1,F2-U1,macro_F1,0.00887636099509792,-0.0004019726823916019,0.01741887724574841,absolute performance
S3_0.1,F2-U1,failure_recall,-0.017681728880157177,-0.03871529613960866,0.00203697288905215,absolute performance
S3_0.1,F2-U1,failure_precision,0.010941223763172248,-0.00039656638124350025,0.02170869664764515,absolute performance
S3_0.1,F2-U1,Brier,-0.0019861903304014272,-0.0030967517830068907,-0.0008951986492994773,absolute performance
S3_0.1,F2-U1,ECE,-0.0015134133923272904,-0.01219445803341624,0.010071834948729177,absolute performance
S3_0.1,F5-F2,AUROC,0.013723628748676497,0.004105023641553837,0.02344740017322045,degradation advantage
S3_0.1,F5-F2,AUPRC,-0.00723687618313662,-0.026047927962680024,0.01286096614317086,degradation advantage
S3_0.1,F5-F2,balanced_accuracy,0.014336814239974904,-0.001024171852650324,0.029524138206354796,degradation advantage
S3_0.1,F5-F2,macro_F1,0.006139803648544051,-0.0046017181362958265,0.016607974314121587,degradation advantage
S3_0.1,F5-F2,failure_recall,0.03339882121807469,0.0038445179584119748,0.06395540445845924,degradation advantage
S3_0.1,F5-F2,failure_precision,0.008199414310496367,-0.0048094821365779914,0.020702270413779637,degradation advantage
S3_0.1,F5-F2,Brier,7.246672806049403e-05,-0.001010453383880288,0.0012187344282330247,degradation advantage
S3_0.1,F5-F2,ECE,0.008221755114092115,-0.0042392424893706706,0.01544107014298052,degradation advantage
S3_0.1,F6-F2,AUROC,-0.003219834571837943,-0.01866794882580692,0.011391426843653811,degradation advantage
S3_0.1,F6-F2,AUPRC,-0.0286243823442483,-0.05280732842625146,-0.003039489289276216,degradation advantage
S3_0.1,F6-F2,balanced_accuracy,-0.011427725462930582,-0.03111590996404816,0.007112751109145051,degradation advantage
S3_0.1,F6-F2,macro_F1,-0.025967120313681757,-0.03962474728475196,-0.012186918798173416,degradation advantage
S3_0.1,F6-F2,failure_recall,0.017681728880157177,-0.020726121810538845,0.0538163677130045,degradation advantage
S3_0.1,F6-F2,failure_precision,-0.03470978172804237,-0.05286811232861252,-0.017115792094675526,degradation advantage
S3_0.1,F6-F2,Brier,0.0019676500482258275,0.00039003935269110235,0.0037107093035021544,degradation advantage
S3_0.1,F6-F2,ECE,0.003418960608173597,-0.006952114073971505,0.011195945505267282,degradation advantage
S3_0.1,F2-U1,AUROC,0.001210247380036722,-0.0014882400943096506,0.0039284187293591654,degradation advantage
S3_0.1,F2-U1,AUPRC,0.004497739551877822,-0.00048665711321867476,0.008592436148469558,degradation advantage
S3_0.1,F2-U1,balanced_accuracy,-0.005881450479286232,-0.017293024701558916,0.005406914223490402,degradation advantage
S3_0.1,F2-U1,macro_F1,-0.002792138616181661,-0.011415823287961813,0.005341018625743303,degradation advantage
S3_0.1,F2-U1,failure_recall,-0.013752455795677743,-0.03426185377791366,0.007182300747298945,degradation advantage
S3_0.1,F2-U1,failure_precision,-0.004575788795098457,-0.014896765864130055,0.0054926453196036,degradation advantage
S3_0.1,F2-U1,Brier,1.894516399290891e-05,-0.00035698679238258777,0.00041503742619775525,degradation advantage
S3_0.1,F2-U1,ECE,0.0020702759841518936,-0.008048961007779076,0.009695915251221732,degradation advantage
S3_0.3,F5-F2,AUROC,0.0022827112472877387,-0.005114025705412232,0.009010618152448755,absolute performance
S3_0.3,F5-F2,AUPRC,0.005205465964131573,-0.013153578300315587,0.024934274541288638,absolute performance
S3_0.3,F5-F2,balanced_accuracy,-0.0011196131898886241,-0.01370935918584563,0.011533024645521132,absolute performance
S3_0.3,F5-F2,macro_F1,-0.019439832797312095,-0.028850208647714377,-0.010337306134786499,absolute performance
S3_0.3,F5-F2,failure_recall,0.03929273084479379,0.01654203733962726,0.0612720714084537,absolute performance
S3_0.3,F5-F2,failure_precision,-0.018430887461838102,-0.028590822311546416,-0.008637960252304436,absolute performance
S3_0.3,F5-F2,Brier,0.0008134919799352575,-0.001203863837992342,0.0026989289027872917,absolute performance
S3_0.3,F5-F2,ECE,0.011440474259899708,-0.002968186920656758,0.0175354875367354,absolute performance
S3_0.3,F6-F2,AUROC,-0.023097304964261767,-0.037307194302768416,-0.01069214551533595,absolute performance
S3_0.3,F6-F2,AUPRC,-0.03536303179705286,-0.06596295732597672,-0.006418053398223445,absolute performance
S3_0.3,F6-F2,balanced_accuracy,-0.02302890180188577,-0.04207859324740133,-0.003791178712229956,absolute performance
S3_0.3,F6-F2,macro_F1,-0.025326575717976696,-0.037805796477788985,-0.012625609572566587,absolute performance
S3_0.3,F6-F2,failure_recall,-0.015717092337917404,-0.05433842087613402,0.019924318789100587,absolute performance
S3_0.3,F6-F2,failure_precision,-0.02622362906584208,-0.0394187056059147,-0.01274815590411525,absolute performance
S3_0.3,F6-F2,Brier,0.0037126200402646248,0.0012185618430240834,0.006351681209298919,absolute performance
S3_0.3,F6-F2,ECE,0.004123662009717519,-0.007744236511059853,0.010001388481729203,absolute performance
S3_0.3,F2-U1,AUROC,0.02203070422521447,0.013647853591225298,0.031097148125348847,absolute performance
S3_0.3,F2-U1,AUPRC,0.027370991110394094,0.017783567496305653,0.0361774612973359,absolute performance
S3_0.3,F2-U1,balanced_accuracy,0.007100492551628479,-0.00735711440981178,0.021340326244584054,absolute performance
S3_0.3,F2-U1,macro_F1,0.01980336706536845,0.010910098386250209,0.0290725206457972,absolute performance
S3_0.3,F2-U1,failure_recall,-0.02161100196463661,-0.05088562431997047,0.006423982869378955,absolute performance
S3_0.3,F2-U1,failure_precision,0.019480959698351008,0.009650808816558122,0.029821823067886763,absolute performance
S3_0.3,F2-U1,Brier,-0.0024534396521596613,-0.003583580489414407,-0.0013716754339053194,absolute performance
S3_0.3,F2-U1,ECE,-0.00584648072721702,-0.013980156340853037,0.005983316174767343,absolute performance
S3_0.3,F5-F2,AUROC,0.02126410021258729,0.01063743953499984,0.03200647472267433,degradation advantage
S3_0.3,F5-F2,AUPRC,0.00795472338978398,-0.01127050999352177,0.0285982890853575,degradation advantage
S3_0.3,F5-F2,balanced_accuracy,0.010506725740940581,-0.005375787337577959,0.026405112008400462,degradation advantage
S3_0.3,F5-F2,macro_F1,-0.006008208581989138,-0.018889151897855967,0.006194685124379641,degradation advantage
S3_0.3,F5-F2,failure_recall,0.04911591355599221,0.02015635062349967,0.07809896401308614,degradation advantage
S3_0.3,F5-F2,failure_precision,-0.0010979249952371706,-0.016550286380223614,0.013566376597716442,degradation advantage
S3_0.3,F5-F2,Brier,-0.0013836528312575758,-0.0027248487532049227,-8.867761644807425e-05,degradation advantage
S3_0.3,F5-F2,ECE,0.012683479898520998,-0.0011840056786458768,0.020252714520096134,degradation advantage
S3_0.3,F6-F2,AUROC,-0.003652240276856955,-0.019365828053276263,0.012297280400106851,degradation advantage
S3_0.3,F6-F2,AUPRC,-0.029420370986831867,-0.05746235374341827,0.0008990474198577785,degradation advantage
S3_0.3,F6-F2,balanced_accuracy,-0.013205963387695863,-0.033574237875180574,0.007209063297450104,degradation advantage
S3_0.3,F6-F2,macro_F1,-0.029748118650141264,-0.044820252958566405,-0.014209265170429704,degradation advantage
S3_0.3,F6-F2,failure_recall,0.023575638506876273,-0.015842369951280858,0.060614206581948424,degradation advantage
S3_0.3,F6-F2,failure_precision,-0.03544708574796379,-0.05379011364590624,-0.017081705603409075,degradation advantage
S3_0.3,F6-F2,Brier,0.0014447064603052145,-0.0006674837004292302,0.0037085705785669565,degradation advantage
S3_0.3,F6-F2,ECE,0.005562111900338482,-0.006385986362394858,0.012856504545725008,degradation advantage
S3_0.3,F2-U1,AUROC,0.0063869009898427365,0.001746843352390326,0.011214318196151611,degradation advantage
S3_0.3,F2-U1,AUPRC,0.009464309037931606,0.0021029583107616172,0.015210212042449425,degradation advantage
S3_0.3,F2-U1,balanced_accuracy,0.0009825625681283423,-0.013728053614647814,0.016115852023600302,degradation advantage
S3_0.3,F2-U1,macro_F1,0.008134867454088868,-0.0027227207768320606,0.019624807982851683,degradation advantage
S3_0.3,F2-U1,failure_recall,-0.017681728880157177,-0.04445273631840802,0.010530251911830869,degradation advantage
S3_0.3,F2-U1,failure_precision,0.003963947140080304,-0.008733261449999441,0.01799567069781101,degradation advantage
S3_0.3,F2-U1,Brier,-0.0004483041577653252,-0.001125493262614526,0.00022589229539219543,degradation advantage
S3_0.3,F2-U1,ECE,-0.0022627913507378365,-0.013286238409302535,0.008516669221433324,degradation advantage
S3_0.5,F5-F2,AUROC,-0.0033844907555570236,-0.009886629965522167,0.002756715434916545,absolute performance
S3_0.5,F5-F2,AUPRC,0.005370247308914777,-0.014178957693745145,0.025774343635717876,absolute performance
S3_0.5,F5-F2,balanced_accuracy,-0.007162788288792354,-0.01904014967822477,0.004283141004225573,absolute performance
S3_0.5,F5-F2,macro_F1,-0.022516577018728112,-0.031229821553721913,-0.014126485162310829,absolute performance
S3_0.5,F5-F2,failure_recall,0.03143418467583503,0.009450463351194602,0.05293554545048602,absolute performance
S3_0.5,F5-F2,failure_precision,-0.013354770733927906,-0.020411078806200116,-0.006518381989336994,absolute performance
S3_0.5,F5-F2,Brier,-0.003945168159304027,-0.0065115914661044326,-0.0014629906971562398,absolute performance
S3_0.5,F5-F2,ECE,-0.005500252494452601,-0.009000184315606495,0.0029624260371933844,absolute performance
S3_0.5,F6-F2,AUROC,-0.02304404821641204,-0.03709098882987824,-0.009117722526441536,absolute performance
S3_0.5,F6-F2,AUPRC,-0.02229016508193582,-0.05352545513910767,0.009094541673127177,absolute performance
S3_0.5,F6-F2,balanced_accuracy,-0.015518234573010492,-0.0326426685725217,0.0013949459721252272,absolute performance
S3_0.5,F6-F2,macro_F1,-0.010036177328895501,-0.020430401872840582,0.0010301653970849352,absolute performance
S3_0.5,F6-F2,failure_recall,-0.023575638506876273,-0.06085322212348117,0.014467858865846407,absolute performance
S3_0.5,F6-F2,failure_precision,-0.0091476833768864,-0.018466663497640118,9.582752988512254e-05,absolute performance
S3_0.5,F6-F2,Brier,-0.002114128347681002,-0.005344094346526749,0.0012350254748791218,absolute performance
S3_0.5,F6-F2,ECE,-0.011425680348303189,-0.015347074850852072,-0.0026889689167272053,absolute performance
S3_0.5,F2-U1,AUROC,0.02705589368975947,0.018386298628270948,0.03655946636064446,absolute performance
S3_0.5,F2-U1,AUPRC,0.03251605451194928,0.02255397214774337,0.041437858940848324,absolute performance
S3_0.5,F2-U1,balanced_accuracy,0.027493185334948378,0.016540259516430764,0.03892915315339693,absolute performance
S3_0.5,F2-U1,macro_F1,0.035643647024337644,0.0278249760693261,0.04361592831545384,absolute performance
S3_0.5,F2-U1,failure_recall,-0.0019646365422396617,-0.02405051551795747,0.020001113585746116,absolute performance
S3_0.5,F2-U1,failure_precision,0.024130259989630504,0.01785583677536585,0.030845329007042867,absolute performance
S3_0.5,F2-U1,Brier,-0.0022082423440698967,-0.003533247861565304,-0.0009482136253746992,absolute performance
S3_0.5,F2-U1,ECE,-0.01253210031804828,-0.01940470332013582,-0.006529329072027893,absolute performance
S3_0.5,F5-F2,AUROC,0.015596898209742527,0.005337846126099157,0.025246036103127905,degradation advantage
S3_0.5,F5-F2,AUPRC,0.008119504734567184,-0.015849850823179003,0.034971227272100024,degradation advantage
S3_0.5,F5-F2,balanced_accuracy,0.004463550642036851,-0.011529773497563045,0.02041121517527787,degradation advantage
S3_0.5,F5-F2,macro_F1,-0.009084952803405155,-0.020055776120560812,0.001973213987012627,degradation advantage
S3_0.5,F5-F2,failure_recall,0.04125736738703345,0.010141474571121325,0.07143202542138719,degradation advantage
S3_0.5,F5-F2,failure_precision,0.003978191732673025,-0.009074528830291384,0.01635353066254213,degradation advantage
S3_0.5,F5-F2,Brier,-0.00614231297049686,-0.008404150843156802,-0.0039750442298978166,degradation advantage
S3_0.5,F5-F2,ECE,-0.004257246855831315,-0.011831237387484936,0.008401133374892091,degradation advantage
S3_0.5,F6-F2,AUROC,-0.003598983529007227,-0.02067651621924516,0.013149949621568457,degradation advantage
S3_0.5,F6-F2,AUPRC,-0.01634750427171483,-0.04930449528075247,0.018856040242970516,degradation advantage
S3_0.5,F6-F2,balanced_accuracy,-0.005695296158820584,-0.025198967409195333,0.014416603758443357,degradation advantage
S3_0.5,F6-F2,macro_F1,-0.01445772026106007,-0.027643918712238535,-0.0008368208574335188,degradation advantage
S3_0.5,F6-F2,failure_recall,0.015717092337917404,-0.02564102564102555,0.05555831676607025,degradation advantage
S3_0.5,F6-F2,failure_precision,-0.018371140059008112,-0.033663084640411914,-0.002557862524504504,degradation advantage
S3_0.5,F6-F2,Brier,-0.004382041927640412,-0.007339125709141015,-0.0013347976346589508,degradation advantage
S3_0.5,F6-F2,ECE,-0.009987230457682225,-0.01757278977754976,0.0020783770654234216,degradation advantage
S3_0.5,F2-U1,AUROC,0.011412090454387736,0.005066781105496962,0.01814978878168067,degradation advantage
S3_0.5,F2-U1,AUPRC,0.01460937243948679,0.006467354466172479,0.02081286705688248,degradation advantage
S3_0.5,F2-U1,balanced_accuracy,0.02137525535144824,0.00828453714362637,0.034509353691327065,degradation advantage
S3_0.5,F2-U1,macro_F1,0.023975147413058062,0.014278616942474546,0.03356861853981617,degradation advantage
S3_0.5,F2-U1,failure_recall,0.0019646365422397727,-0.02251512928663118,0.027075899559385285,degradation advantage
S3_0.5,F2-U1,failure_precision,0.0086132474313598,-0.002629492842365727,0.019920806249357666,degradation advantage
S3_0.5,F2-U1,Brier,-0.00020310684967556059,-0.001202018141917735,0.0007572032782676942,degradation advantage
S3_0.5,F2-U1,ECE,-0.008948410941569097,-0.0239240535841251,0.0002039971900062032,degradation advantage
V4,F5-F2,AUROC,0.0,0.0,0.0,absolute performance
V4,F5-F2,AUPRC,0.0,0.0,0.0,absolute performance
V4,F5-F2,balanced_accuracy,0.0,0.0,0.0,absolute performance
V4,F5-F2,macro_F1,0.0,0.0,0.0,absolute performance
V4,F5-F2,failure_recall,0.0,0.0,0.0,absolute performance
V4,F5-F2,failure_precision,0.0,0.0,0.0,absolute performance
V4,F5-F2,Brier,0.0,0.0,0.0,absolute performance
V4,F5-F2,ECE,0.0,0.0,0.0,absolute performance
V4,F6-F2,AUROC,0.0,0.0,0.0,absolute performance
V4,F6-F2,AUPRC,0.0,0.0,0.0,absolute performance
V4,F6-F2,balanced_accuracy,0.0,0.0,0.0,absolute performance
V4,F6-F2,macro_F1,0.0,0.0,0.0,absolute performance
V4,F6-F2,failure_recall,0.0,0.0,0.0,absolute performance
V4,F6-F2,failure_precision,0.0,0.0,0.0,absolute performance
V4,F6-F2,Brier,0.0,0.0,0.0,absolute performance
V4,F6-F2,ECE,0.0,0.0,0.0,absolute performance
V4,F2-U1,AUROC,0.0,0.0,0.0,absolute performance
V4,F2-U1,AUPRC,0.0,0.0,0.0,absolute performance
V4,F2-U1,balanced_accuracy,0.0,0.0,0.0,absolute performance
V4,F2-U1,macro_F1,0.0,0.0,0.0,absolute performance
V4,F2-U1,failure_recall,0.0,0.0,0.0,absolute performance
V4,F2-U1,failure_precision,0.0,0.0,0.0,absolute performance
V4,F2-U1,Brier,0.0,0.0,0.0,absolute performance
V4,F2-U1,ECE,0.0,0.0,0.0,absolute performance
V4,F5-F2,AUROC,0.01898138896529955,0.009498351136114778,0.028858994135700086,degradation advantage
V4,F5-F2,AUPRC,0.002749257425652407,-0.017070853655914094,0.02281605528821831,degradation advantage
V4,F5-F2,balanced_accuracy,0.011626338930829205,-0.0012473616958129901,0.024824761832941224,degradation advantage
V4,F5-F2,macro_F1,0.013431624215322957,0.0028797906148449793,0.023466665592355492,degradation advantage
V4,F5-F2,failure_recall,0.00982318271119842,-0.014958869814019976,0.03516754850088181,degradation advantage
V4,F5-F2,failure_precision,0.017332962466600932,0.004177486741613717,0.03004430639257535,degradation advantage
V4,F5-F2,Brier,-0.0021971448111928332,-0.003869069027420237,-0.0005674353177464239,degradation advantage
V4,F5-F2,ECE,0.0012430056386212897,-0.007893995509505066,0.010667285362471506,degradation advantage
V4,F6-F2,AUROC,0.01944506468740481,0.010238936693968715,0.028800779228548724,degradation advantage
V4,F6-F2,AUPRC,0.00594266081022099,-0.01369450154400827,0.024795788360732554,degradation advantage
V4,F6-F2,balanced_accuracy,0.009822938414189908,-0.0029944821989831725,0.02244995836165154,degradation advantage
V4,F6-F2,macro_F1,-0.004421542932164568,-0.0145024363947918,0.005595439670858746,degradation advantage
V4,F6-F2,failure_recall,0.03929273084479368,0.012241194865042826,0.06491533195903543,degradation advantage
V4,F6-F2,failure_precision,-0.009223456682121711,-0.02279156085354929,0.004012548383901605,degradation advantage
V4,F6-F2,Brier,-0.0022679135799594102,-0.003940101689015388,-0.0006611571303535501,degradation advantage
V4,F6-F2,ECE,0.0014384498906209638,-0.007391302456189931,0.010233610325894264,degradation advantage
V4,F2-U1,AUROC,-0.015643803235371734,-0.025465087523214653,-0.006029889881457365,degradation advantage
V4,F2-U1,AUPRC,-0.017906682072462488,-0.028284279537387047,-0.008602699847244986,degradation advantage
V4,F2-U1,balanced_accuracy,-0.006117929983500137,-0.016547622338965874,0.005380893960465173,degradation advantage
V4,F2-U1,macro_F1,-0.011668499611279581,-0.020097475218382805,-0.0025702320897178425,degradation advantage
V4,F2-U1,failure_recall,0.003929273084479434,-0.016304347826086918,0.02554406066300659,degradation advantage
V4,F2-U1,failure_precision,-0.015517012558270704,-0.026457525453821542,-0.0039052367694162376,degradation advantage
V4,F2-U1,Brier,0.002005135494394336,0.0009078408941700884,0.003098508822344858,degradation advantage
V4,F2-U1,ECE,0.003583689376479184,-0.009897112339973323,0.012699533575075736,degradation advantage
S4,F5-F2,AUROC,-0.027761423450265443,-0.04072546049882947,-0.014544317504171993,absolute performance
S4,F5-F2,AUPRC,-0.016643370305229277,-0.03202471096001131,-0.0013887593281485138,absolute performance
S4,F5-F2,balanced_accuracy,-0.008878241882376736,-0.02030958729380036,0.002528205076109878,absolute performance
S4,F5-F2,macro_F1,-0.01034549482725966,-0.02155772987600784,0.0002654857706768129,absolute performance
S4,F5-F2,failure_recall,-0.011787819253438137,-0.03448275862068961,0.011838461538461522,absolute performance
S4,F5-F2,failure_precision,-0.019387225203392755,-0.039998458338892734,-0.000271113634459687,absolute performance
S4,F5-F2,Brier,0.002499232792737255,0.0013741193796517914,0.0037180709305846393,absolute performance
S4,F5-F2,ECE,0.006426737677490951,-0.0018101496377535523,0.009814117884909001,absolute performance
S4,F6-F2,AUROC,-0.030959271291339352,-0.04357456149751514,-0.018365042588586303,absolute performance
S4,F6-F2,AUPRC,-0.018586852284507738,-0.03261654393659946,-0.004624920104298337,absolute performance
S4,F6-F2,balanced_accuracy,-0.008641762378162943,-0.02042108780542057,0.0028983150000124213,absolute performance
S4,F6-F2,macro_F1,0.0007983975695861067,-0.010651946030029735,0.012037338940092084,absolute performance
S4,F6-F2,failure_recall,-0.029469548133595258,-0.05499031686266354,-0.005679698100407062,absolute performance
S4,F6-F2,failure_precision,0.015294453973699274,-0.008258973426505037,0.03917601400575489,absolute performance
S4,F6-F2,Brier,0.0025774518744752506,0.001491053622316435,0.0037048931251696606,absolute performance
S4,F6-F2,ECE,0.006579828102200366,-0.0015589818812416255,0.010295342770455646,absolute performance
S4,F2-U1,AUROC,0.028597896407319356,0.015705838679304078,0.04120372269495091,absolute performance
S4,F2-U1,AUPRC,0.021177615496698388,0.009517055687354798,0.033290126073903255,absolute performance
S4,F2-U1,balanced_accuracy,0.005545786389627327,-0.006705100327631369,0.017712199236722313,absolute performance
S4,F2-U1,macro_F1,0.006197205733408762,-0.005661223971722515,0.01754220350789094,absolute performance
S4,F2-U1,failure_recall,0.007858546168958758,-0.016065065089331147,0.032590671386262766,absolute performance
S4,F2-U1,failure_precision,0.01137925990931693,-0.01029357532944708,0.032784948565647065,absolute performance
S4,F2-U1,Brier,-0.0022869968211293584,-0.003292973149261226,-0.0013300935637658299,absolute performance
S4,F2-U1,ECE,-0.01025341512020576,-0.015278952187021749,-0.0024556576260316666,absolute performance
S4,F5-F2,AUROC,-0.008780034484965893,-0.017892692600089685,0.0014039059908288571,degradation advantage
S4,F5-F2,AUPRC,-0.01389411287957687,-0.03365806975871583,0.0060443970169529,degradation advantage
S4,F5-F2,balanced_accuracy,0.002748097048452469,-0.011397307426782036,0.01557622631587627,degradation advantage
S4,F5-F2,macro_F1,0.0030861293880632967,-0.008447294842922934,0.013852629462742443,degradation advantage
S4,F5-F2,failure_recall,-0.001964636542239717,-0.028830129768757966,0.02316704136324395,degradation advantage
S4,F5-F2,failure_precision,-0.002054262736791823,-0.020480003106003033,0.01533130964994282,degradation advantage
S4,F5-F2,Brier,0.0003020879815444216,-0.0010495169228712808,0.001672906727715111,degradation advantage
S4,F5-F2,ECE,0.0076697433161122385,-0.003817856132998938,0.016455788194606198,degradation advantage
S4,F6-F2,AUROC,-0.01151420660393454,-0.021548512588897725,-0.0009055230710844512,degradation advantage
S4,F6-F2,AUPRC,-0.012644191474286748,-0.02982814540374921,0.003962487511692892,degradation advantage
S4,F6-F2,balanced_accuracy,0.0011811760360269652,-0.011182836006379093,0.013701489950206607,degradation advantage
S4,F6-F2,macro_F1,-0.0036231453625784615,-0.014817260420337274,0.008170330932825466,degradation advantage
S4,F6-F2,failure_recall,0.00982318271119842,-0.014348632144238536,0.033400281914388506,degradation advantage
S4,F6-F2,failure_precision,0.006070997291577562,-0.015774517012280373,0.029162566110021035,degradation advantage
S4,F6-F2,Brier,0.00030953829451584036,-0.0010418802485466917,0.0015952151222400064,degradation advantage
S4,F6-F2,ECE,0.008018277992821328,-0.0038093262988720135,0.01662724681632503,degradation advantage
S4,F2-U1,AUROC,0.012954093171947623,0.004723542045735449,0.02134474114814987,degradation advantage
S4,F2-U1,AUPRC,0.0032709334242359,-0.004059804608859169,0.010360049654080059,degradation advantage
S4,F2-U1,balanced_accuracy,-0.0005721435938728092,-0.012840514429021338,0.012511760717746666,degradation advantage
S4,F2-U1,macro_F1,-0.00547129387787082,-0.016623310545268315,0.007070244923072272,degradation advantage
S4,F2-U1,failure_recall,0.011787819253438192,-0.01120319644551816,0.03752698543934585,degradation advantage
S4,F2-U1,failure_precision,-0.004137752648953774,-0.023124829832816524,0.016645068278574142,degradation advantage
S4,F2-U1,Brier,-0.0002818613267350223,-0.001054299448637689,0.00043141670557147517,degradation advantage
S4,F2-U1,ECE,-0.0066697257437265765,-0.019890376433235,0.0031552464083774317,degradation advantage
S5,F5-F2,AUROC,0.0,0.0,0.0,absolute performance
S5,F5-F2,AUPRC,0.0,0.0,0.0,absolute performance
S5,F5-F2,balanced_accuracy,0.0,0.0,0.0,absolute performance
S5,F5-F2,macro_F1,0.0,0.0,0.0,absolute performance
S5,F5-F2,failure_recall,0.0,0.0,0.0,absolute performance
S5,F5-F2,failure_precision,0.0,0.0,0.0,absolute performance
S5,F5-F2,Brier,0.0,0.0,0.0,absolute performance
S5,F5-F2,ECE,0.0,0.0,0.0,absolute performance
S5,F6-F2,AUROC,0.0,0.0,0.0,absolute performance
S5,F6-F2,AUPRC,0.0,0.0,0.0,absolute performance
S5,F6-F2,balanced_accuracy,0.0,0.0,0.0,absolute performance
S5,F6-F2,macro_F1,0.0,0.0,0.0,absolute performance
S5,F6-F2,failure_recall,0.0,0.0,0.0,absolute performance
S5,F6-F2,failure_precision,0.0,0.0,0.0,absolute performance
S5,F6-F2,Brier,0.0,0.0,0.0,absolute performance
S5,F6-F2,ECE,0.0,0.0,0.0,absolute performance
S5,F5-F2,AUROC,0.01898138896529955,0.009498351136114778,0.028858994135700086,degradation advantage
S5,F5-F2,AUPRC,0.002749257425652407,-0.017070853655914094,0.02281605528821831,degradation advantage
S5,F5-F2,balanced_accuracy,0.011626338930829205,-0.0012473616958129901,0.024824761832941224,degradation advantage
S5,F5-F2,macro_F1,0.013431624215322957,0.0028797906148449793,0.023466665592355492,degradation advantage
S5,F5-F2,failure_recall,0.00982318271119842,-0.014958869814019976,0.03516754850088181,degradation advantage
S5,F5-F2,failure_precision,0.017332962466600932,0.004177486741613717,0.03004430639257535,degradation advantage
S5,F5-F2,Brier,-0.0021971448111928332,-0.003869069027420237,-0.0005674353177464239,degradation advantage
S5,F5-F2,ECE,0.0012430056386212897,-0.007893995509505066,0.010667285362471506,degradation advantage
S5,F6-F2,AUROC,0.01944506468740481,0.010238936693968715,0.028800779228548724,degradation advantage
S5,F6-F2,AUPRC,0.00594266081022099,-0.01369450154400827,0.024795788360732554,degradation advantage
S5,F6-F2,balanced_accuracy,0.009822938414189908,-0.0029944821989831725,0.02244995836165154,degradation advantage
S5,F6-F2,macro_F1,-0.004421542932164568,-0.0145024363947918,0.005595439670858746,degradation advantage
S5,F6-F2,failure_recall,0.03929273084479368,0.012241194865042826,0.06491533195903543,degradation advantage
S5,F6-F2,failure_precision,-0.009223456682121711,-0.02279156085354929,0.004012548383901605,degradation advantage
S5,F6-F2,Brier,-0.0022679135799594102,-0.003940101689015388,-0.0006611571303535501,degradation advantage
S5,F6-F2,ECE,0.0014384498906209638,-0.007391302456189931,0.010233610325894264,degradation advantage
